date,revenue,marketing_spend,website_traffic,ad_clicks,conversion_rate,discount_rate,returns_pct,support_tickets,customer_satisfaction,churn_rate,employee_count,avg_temperature_c
2024-04-07,46489.55,3087.85,6964.0,3017.0,0.0362,0.1315,0.0609,50.0,4.21,0.0667,63.0,32.9
2025-03-16,29462.63,3493.64,6869.0,2819.0,0.0234,0.1797,0.0782,69.0,3.99,0.0564,62.0,31.2
2025-01-20,37923.56,3009.35,6980.0,2687.0,0.0294,0.1057,0.0607,61.0,3.95,0.0656,60.0,24.5
2024-05-04,35166.68,3680.3,8347.0,3492.0,0.0232,0.1382,0.0613,53.0,4.36,0.0567,61.0,30.1
2024-05-24,25134.18,3019.72,5422.0,2240.0,0.0258,0.0483,0.0473,60.0,3.63,0.0646,61.0,28.3
2024-05-16,17227.09,3451.65,6639.0,2827.0,0.0146,0.0885,0.0591,84.0,3.7,0.0665,63.0,28.4
2025-03-13,50098.7,3177.95,8662.0,3692.0,0.0321,0.0399,0.0325,58.0,4.27,0.0515,62.0,28.7
2025-05-14,28845.53,2974.39,7307.0,2999.0,0.0206,0.0393,0.0228,51.0,4.09,0.066,62.0,29.5
2025-02-11,33091.02,3716.34,8219.0,3533.0,0.022,0.125,0.0639,71.0,3.82,0.071,61.0,26.3
2025-04-13,30350.61,3966.58,9828.0,4232.0,0.0176,0.0753,0.039,45.0,4.34,0.0665,64.0,33.1
2025-06-27,32362.16,3187.98,7537.0,3196.0,0.0243,0.0649,0.0296,54.0,3.88,0.0679,63.0,21.2
2024-09-21,33681.39,2876.47,6590.0,2903.0,0.0276,0.0217,0.0272,49.0,4.16,0.0651,61.0,14.0
2025-07-18,41224.67,3431.13,7882.0,3150.0,0.028,0.0958,0.0519,53.0,4.04,0.0622,62.0,19.3
2025-07-26,34008.42,3159.23,7678.0,3304.0,0.0243,0.2145,0.0943,65.0,3.8,0.0625,64.0,17.5
2025-02-13,40260.63,2983.25,6873.0,2915.0,0.0323,0.0966,0.0596,50.0,4.14,0.0535,61.0,28.0
2024-08-26,39052.85,2397.39,6555.0,2544.0,0.034,0.0908,0.0791,68.0,4.23,0.0663,59.0,14.2
2025-08-14,28738.39,3053.3,6547.0,2603.0,0.0248,0.0703,0.0305,58.0,4.05,0.0656,63.0,17.9
2025-02-06,32094.56,3684.35,7583.0,3354.0,0.023,0.114,0.0514,43.0,4.1,0.0565,58.0,26.3
2025-07-25,20004.72,3049.65,5322.0,2176.0,0.021,0.119,0.0533,71.0,3.9,0.0715,64.0,19.8
2025-07-27,44175.53,,7047.0,2912.0,0.0341,0.0583,0.0222,40.0,4.15,0.0682,63.0,18.1
2025-07-16,26305.33,3146.46,6848.0,2892.0,0.0201,0.1194,0.0591,58.0,,0.0635,62.0,20.0
2025-08-23,,3107.89,5592.0,2175.0,0.0328,0.0906,0.0576,64.0,4.05,0.0634,63.0,15.2
2025-06-16,29793.35,3163.69,7831.0,3317.0,0.0194,0.0504,0.0412,58.0,3.95,0.0691,65.0,23.8
2025-04-06,26785.59,3291.56,8231.0,3580.0,0.0175,0.1195,0.0518,53.0,3.96,0.0756,62.0,34.1
2025-01-21,32324.34,3448.04,8613.0,3622.0,0.0203,0.177,0.072,57.0,4.03,0.0626,63.0,26.5
2025-11-01,30539.77,3197.58,8202.0,3456.0,0.0201,0.0749,0.0504,53.0,3.97,0.072,65.0,12.2
2024-12-12,34232.55,2801.46,7598.0,3248.0,0.0265,0.1354,0.0642,44.0,4.19,0.0607,58.0,16.4
2025-09-12,32452.58,2715.36,6185.0,2647.0,0.0283,0.0555,0.0368,34.0,4.45,0.055,65.0,13.3
2024-08-25,29821.79,2715.94,5795.0,2719.0,0.0285,0.0855,0.0399,63.0,3.84,0.0629,62.0,13.0
2025-01-06,34103.92,3653.04,8567.0,3605.0,0.0217,0.1127,0.0619,54.0,4.24,0.0492,65.0,24.6
2024-06-18,36146.81,3146.23,5935.0,2622.0,0.0328,0.0895,0.0431,69.0,3.97,0.0594,63.0,24.2
2024-01-17,35928.07,3244.17,8778.0,3938.0,0.0237,0.1003,0.0558,61.0,4.11,0.0685,58.0,20.1
2024-04-01,37752.13,3401.92,8774.0,3598.0,0.024,0.0735,0.0382,48.0,4.02,0.0794,60.0,32.4
2025-08-10,36099.18,2692.34,6647.0,2852.0,0.0292,0.1079,0.0467,51.0,3.92,0.0677,62.0,11.1
2025-01-11,30772.77,3152.14,6089.0,2584.0,0.0273,0.0775,0.0488,70.0,3.9,0.0783,62.0,23.8
2024-11-20,29140.96,3506.21,6709.0,2900.0,0.0234,0.0766,0.0541,49.0,4.35,0.0592,61.0,15.0
2024-11-02,38923.26,2664.66,7085.0,2830.0,0.0309,0.0734,0.0329,55.0,3.97,0.0602,62.0,16.1
2025-03-08,41174.89,3491.74,7581.0,3048.0,0.0292,0.1027,0.0558,62.0,4.06,0.0598,61.0,28.2
2024-08-24,43763.74,2025.05,4940.0,2019.0,0.0462,0.0657,0.0149,35.0,4.56,0.0632,68.0,16.9
2024-09-29,33408.33,2674.97,5983.0,2487.0,0.0306,0.0614,0.0458,48.0,4.14,0.0673,61.0,13.9
2025-12-07,38700.52,2800.06,6188.0,2937.0,0.0339,0.1295,0.0556,59.0,4.01,0.0779,65.0,19.5
2025-11-13,22106.29,3414.57,6392.0,3009.0,0.0196,0.1535,0.064,56.0,4.2,0.0562,65.0,17.1
2024-03-27,24011.28,3268.44,7062.0,2752.0,0.0202,0.0829,0.0489,55.0,4.03,0.0621,62.0,31.8
2024-02-11,,3465.81,8826.0,3632.0,0.019,0.097,0.0616,58.0,3.97,0.059,62.0,28.9
2024-08-02,32258.33,2765.35,6709.0,2791.0,0.0269,0.0399,0.0416,53.0,4.06,0.062,64.0,17.6
2024-10-23,25505.73,2850.46,4887.0,2258.0,0.0299,0.1458,0.0748,50.0,3.94,0.0624,62.0,13.3
2024-03-21,34628.17,3584.32,7790.0,3241.0,0.0238,0.0742,0.0498,56.0,4.0,0.0699,60.0,30.7
2024-04-22,22217.23,3211.78,8684.0,3688.0,0.0148,0.1106,0.0514,66.0,3.67,0.0617,60.0,31.2
2024-07-18,34267.26,2911.2,6801.0,2872.0,0.0287,0.0716,0.0527,62.0,4.09,0.0552,58.0,19.7
2025-02-15,29918.13,2630.93,4380.0,1772.0,0.0373,0.1372,0.0369,56.0,4.15,0.0594,65.0,30.4
2024-09-23,43269.86,,7090.0,2865.0,0.0343,0.0889,0.0505,55.0,4.01,0.0669,61.0,13.0
2025-06-07,28519.14,3308.22,7696.0,3202.0,0.0204,0.0739,0.0477,62.0,3.99,0.0619,67.0,27.1
2024-02-18,28873.25,3550.83,7940.0,3574.0,0.0189,0.0628,0.0401,47.0,4.26,0.0677,61.0,29.5
2024-08-20,38165.59,2902.92,5923.0,2322.0,0.0352,0.1113,0.0547,57.0,4.15,0.062,59.0,15.2
2024-02-16,29217.69,3607.91,7119.0,2737.0,0.0218,0.0755,0.0481,49.0,4.17,0.063,63.0,28.3
2024-12-17,35044.0,3339.63,7390.0,2867.0,0.0262,0.1313,0.063,58.0,4.15,0.0542,60.0,19.7
2024-04-12,35550.54,,6555.0,2655.0,0.0297,0.0938,0.0571,53.0,4.17,0.0554,58.0,28.9
2025-09-24,31919.71,2714.01,4999.0,2115.0,0.0336,0.1279,0.0507,60.0,4.02,0.0679,67.0,13.4
2024-04-13,26794.58,3691.27,7840.0,3155.0,0.0194,0.1265,0.0666,56.0,3.62,0.0608,59.0,29.4
2024-02-09,41561.8,3491.98,9131.0,3693.0,0.0242,0.1473,0.0851,55.0,4.22,0.0579,58.0,29.7
2025-01-24,36834.23,2820.05,5785.0,2509.0,0.0353,0.0939,0.0689,55.0,4.03,0.0634,61.0,26.2
2025-03-24,34599.82,3964.98,8930.0,3694.0,0.021,0.1153,0.0732,57.0,4.04,0.0595,61.0,29.0
2024-03-26,14100.27,3602.08,8233.0,3429.0,0.0097,0.0844,0.0549,64.0,3.82,0.076,60.0,30.2
2025-12-28,43368.47,3535.29,7936.0,3277.0,0.03,0.0954,0.0496,49.0,3.96,0.0642,67.0,23.3
2024-12-25,36031.96,3049.04,6767.0,2811.0,0.0295,0.1408,0.0688,68.0,3.94,0.0671,63.0,23.0
2025-02-14,39475.51,2923.63,8138.0,3522.0,0.0266,0.1086,0.0407,58.0,3.98,0.075,62.0,26.8
2025-12-08,23156.35,3320.96,5113.0,1942.0,0.0251,0.0873,0.0432,51.0,4.34,0.0583,64.0,20.7
2024-03-22,27225.23,3194.45,6788.0,2952.0,0.0217,0.1245,0.0631,63.0,4.23,0.0588,59.0,32.0
2024-09-03,35888.97,2359.84,6631.0,2731.0,0.0305,0.0521,0.0328,34.0,4.38,0.0561,62.0,12.5
2025-10-22,32975.62,2297.18,5097.0,2208.0,0.0344,0.1114,0.0591,67.0,4.12,0.0612,61.0,12.1
2024-11-19,49616.28,3126.21,9083.0,3697.0,0.03,0.1595,0.0785,72.0,3.81,0.0735,63.0,14.1
2025-07-24,32398.24,2572.56,6173.0,2750.0,0.0295,0.1568,,62.0,4.24,0.0531,66.0,19.3
2025-06-23,31817.34,3001.13,7377.0,3364.0,0.0229,0.1743,0.0907,68.0,3.91,0.0697,64.0,22.3
2024-08-18,34960.36,2288.71,6913.0,2839.0,0.0277,0.0829,0.05,57.0,3.87,0.0641,61.0,13.1
2024-10-21,26955.91,2658.29,4599.0,2063.0,0.031,0.1433,0.0729,64.0,4.07,0.0622,62.0,12.7
2024-06-04,23629.39,3863.79,8686.0,3712.0,0.0155,0.0081,0.0265,47.0,3.91,0.0525,62.0,24.3
2024-06-26,27194.7,3165.44,6176.0,2711.0,0.0248,0.1081,0.0625,53.0,3.84,0.0713,62.0,23.0
2025-07-12,45114.36,2718.32,7996.0,3428.0,0.0301,0.1393,0.0757,58.0,3.87,0.0624,64.0,21.5
2025-06-17,33242.17,3472.76,7393.0,3221.0,0.024,0.1825,0.073,76.0,3.86,0.0733,65.0,24.6
2025-03-23,32164.12,3457.38,7842.0,3311.0,0.0226,0.1286,0.0626,63.0,3.83,0.0705,65.0,33.9
2025-06-14,37939.3,3206.45,8071.0,3437.0,0.0266,0.1422,0.062,55.0,4.14,0.0703,68.0,26.2
2024-10-30,32803.36,2655.17,6667.0,2673.0,0.0284,0.0857,0.0438,61.0,3.98,0.0644,62.0,16.6
2025-09-27,37055.32,2754.86,6760.0,2933.0,0.03,0.1592,0.0715,68.0,3.79,0.0633,63.0,9.1
2025-02-16,24913.23,3215.52,5687.0,2314.0,0.0255,0.0772,0.0543,50.0,,0.0586,66.0,30.7
2024-02-01,33553.55,3073.5,7541.0,3164.0,0.0242,0.1197,0.0605,35.0,4.62,0.0539,65.0,25.1
2025-12-27,54082.08,3358.37,9385.0,3927.0,0.0307,0.047,0.0454,61.0,4.17,0.0612,67.0,21.4
2024-01-11,32608.28,3380.26,8386.0,3535.0,0.022,0.1005,0.057,58.0,4.17,0.0507,58.0,22.8
2024-06-24,50479.55,3182.72,8877.0,3859.0,0.0321,0.091,0.0681,63.0,3.82,0.0696,63.0,22.6
2025-05-16,21763.13,3802.42,7446.0,3051.0,0.0158,0.1509,0.0755,57.0,3.9,0.0722,66.0,29.6
2025-08-07,34281.51,3250.76,7804.0,3112.0,0.0238,0.143,0.0636,64.0,3.95,0.0765,62.0,16.9
2024-12-08,,3006.26,6728.0,2789.0,0.0289,0.0893,0.0508,69.0,3.62,0.0748,60.0,18.7
2024-07-05,43813.29,3115.32,8257.0,3453.0,0.0289,0.1202,0.0314,43.0,4.18,0.0595,62.0,19.8
2024-02-28,29582.49,3056.26,6135.0,2539.0,0.0272,0.095,0.0393,60.0,4.07,0.0608,58.0,30.2
2025-12-09,27913.88,3054.68,6001.0,2432.0,0.024,0.0843,0.0352,54.0,3.63,0.066,65.0,17.8
2025-04-17,31709.88,3475.25,8092.0,3295.0,0.0219,0.065,0.0631,71.0,3.9,0.0536,63.0,29.6
2024-01-15,39164.53,3264.63,7456.0,3108.0,0.0297,0.0941,0.0413,48.0,3.99,0.0642,59.0,23.4
2024-06-12,35907.5,2910.2,6769.0,2984.0,0.0297,0.0914,0.0423,57.0,4.12,0.055,60.0,24.1
2025-06-02,32331.75,3718.07,8055.0,3572.0,0.022,0.0967,0.0569,62.0,4.15,0.0677,65.0,26.6
2025-08-17,39503.79,2504.11,6190.0,2644.0,0.0345,0.1078,0.0533,48.0,4.17,0.0626,68.0,13.9
2025-09-25,3455611.0,2177.57,6109.0,2664.0,0.0321,0.0838,,65.0,3.8,0.0684,63.0,14.0
2025-12-30,42150.49,2889.44,6987.0,3000.0,0.0328,0.0536,0.0449,42.0,3.99,0.0655,66.0,20.7
2024-05-03,29577.32,3866.95,8485.0,3479.0,0.0196,0.1191,0.0697,77.0,3.82,0.0714,61.0,31.3
2024-03-19,20786.67,3639.71,7796.0,3163.0,0.0142,0.1099,0.0527,57.0,4.1,0.0577,58.0,27.1
2024-08-27,43538.63,2580.39,6172.0,2617.0,0.0395,0.0746,0.052,55.0,3.83,0.0652,61.0,15.6
2024-07-25,28846.36,2630.73,5315.0,2259.0,0.0299,0.0598,0.046,60.0,4.13,0.0584,58.0,17.8
2024-09-20,38467.18,2517.89,7084.0,3206.0,0.0295,0.0538,0.0386,47.0,4.39,0.0523,61.0,13.4
2025-04-12,17743.29,4258.4,8424.0,3416.0,0.0116,0.1341,0.0732,58.0,3.97,0.0606,61.0,33.9
2024-08-17,26584.97,2704.7,6695.0,2917.0,0.0216,0.1104,0.0543,65.0,3.81,0.077,65.0,16.0
2025-09-28,38507.62,2788.53,5618.0,2464.0,0.0375,0.075,0.0369,37.0,4.22,0.0694,64.0,12.7
2024-04-17,32815.29,3309.66,8599.0,3631.0,0.0219,0.0555,0.0289,58.0,3.89,0.0643,60.0,31.7
2025-05-03,22292.05,3240.08,6376.0,2573.0,0.0185,0.0647,0.0642,62.0,4.13,0.072,63.0,29.9
2024-07-07,41276.29,2559.41,7198.0,3002.0,0.0326,0.0888,0.0575,62.0,4.11,0.0738,61.0,22.4
2024-07-20,38657.86,3448.68,8066.0,3256.0,0.0263,0.074,0.0539,48.0,4.11,0.0758,57.0,19.1
2024-08-23,32919.03,2551.48,5001.0,2150.0,0.037,0.102,0.0723,56.0,,0.0675,63.0,15.3
2024-05-06,28895.01,3893.43,8777.0,3405.0,0.0179,0.0683,0.0514,48.0,4.0,0.0633,62.0,29.2
2025-04-11,30197.16,3478.52,6779.0,2777.0,0.0243,0.1394,0.0778,67.0,3.67,0.0734,65.0,32.4
2024-11-25,29705.22,2716.62,6746.0,2955.0,0.024,0.1271,0.07,65.0,4.26,0.0523,62.0,16.9
2024-08-31,39967.58,2239.06,6024.0,2251.0,0.036,0.063,0.0505,49.0,3.94,0.0594,61.0,15.2
2024-02-15,26579.86,3374.17,7736.0,3309.0,0.0201,0.0724,0.0526,49.0,4.34,0.0634,57.0,27.0
2025-07-09,42801.27,3065.62,7218.0,3051.0,0.032,0.091,0.0452,53.0,4.03,0.0676,63.0,22.7
2024-05-07,39356.69,2961.69,7171.0,3125.0,0.03,0.1161,0.0506,58.0,4.01,0.0621,60.0,26.7
2024-04-15,34718.55,3359.06,6831.0,2793.0,0.0281,0.0826,0.0425,47.0,3.86,0.0633,60.0,31.7
2024-04-11,43020.03,3889.59,9750.0,4112.0,0.0237,0.0779,0.0468,60.0,3.78,0.0714,64.0,30.6
2024-04-19,32822.44,2820.66,6308.0,2459.0,0.0286,0.0375,0.0299,54.0,4.54,0.0675,61.0,32.9
2024-10-11,27910.54,2330.93,4860.0,2122.0,0.0311,0.1139,0.0851,68.0,3.88,0.0643,64.0,12.2
2025-03-27,32044.81,3700.64,8845.0,3776.0,0.0206,0.106,0.0376,71.0,4.11,0.0706,64.0,31.1
2024-06-08,31899.62,2806.99,5189.0,2088.0,0.0329,0.1141,0.0668,54.0,3.85,0.0568,61.0,25.9
2025-02-03,29868.12,3132.37,5460.0,2126.0,0.0292,0.1021,0.0561,60.0,3.92,0.0727,64.0,28.7
2024-11-23,43326.14,2862.75,6982.0,2741.0,0.0351,0.0911,0.0484,54.0,3.66,0.0629,59.0,19.2
2025-01-08,44945.17,3497.01,8210.0,3498.0,0.0298,0.046,0.0218,58.0,4.05,0.0664,62.0,24.1
2024-07-13,38314.51,2612.36,6069.0,2521.0,0.0346,0.103,0.0665,72.0,3.83,0.0654,59.0,21.6
2025-05-29,34838.59,3702.51,9000.0,3619.0,0.0218,0.0921,0.0437,49.0,4.34,0.0651,63.0,29.2
2024-05-25,27248.07,3153.82,5610.0,2519.0,0.0268,0.094,0.041,42.0,4.27,0.0541,63.0,25.6
2025-10-06,39645.08,2740.91,6414.0,2660.0,0.0326,0.1026,0.0517,49.0,4.21,0.0561,65.0,12.9
2025-02-28,25364.87,3197.62,7814.0,3041.0,0.0186,0.0574,0.0355,54.0,4.07,0.0682,63.0,29.2
2025-02-04,25166.0,3322.26,6765.0,2920.0,0.0214,0.1311,0.0624,62.0,4.15,0.064,62.0,27.2
2024-06-19,45948.58,2925.02,7077.0,2826.0,0.035,0.1336,0.0767,51.0,3.84,0.0591,62.0,24.5
2025-09-20,36856.45,2494.38,5662.0,2302.0,0.0361,0.0868,0.0422,38.0,4.61,0.0498,61.0,14.1
2024-08-04,38830.55,3057.5,7272.0,3173.0,0.0286,0.1146,0.0565,73.0,3.79,0.0576,63.0,17.4
2025-11-11,24591.92,3252.47,7019.0,2937.0,0.0181,0.1643,0.067,69.0,4.07,0.0581,63.0,13.1
2024-08-03,23465.0,3225.53,7021.0,2755.0,0.0192,0.0618,0.0503,68.0,4.02,0.0581,61.0,16.6
2024-04-21,28008.5,3504.89,7837.0,3265.0,0.0194,0.1266,0.0553,41.0,4.29,0.0515,59.0,32.1
2025-07-07,20813.22,3898.26,9154.0,3843.0,0.0119,0.1742,0.0863,68.0,3.92,0.0683,61.0,19.4
2025-05-06,32504.27,3656.53,9114.0,3857.0,0.0205,0.2209,0.0991,80.0,3.82,0.0635,61.0,28.1
2024-05-23,33264.95,3402.93,7676.0,3053.0,0.0238,0.1253,0.0646,71.0,4.0,0.0604,59.0,27.5
2025-12-29,38855.01,2874.95,8103.0,3645.0,0.0252,0.0835,0.0466,54.0,4.0,0.0652,66.0,21.1
2025-06-05,45341.99,3076.12,8250.0,3398.0,0.0301,0.1212,0.0631,71.0,4.17,0.0524,66.0,26.4
2024-10-10,31772.27,2877.1,5355.0,2092.0,0.0316,0.1385,0.0615,52.0,4.04,0.0566,59.0,11.9
2024-02-07,35443.37,2958.5,6380.0,2542.0,0.0307,0.115,0.0634,53.0,3.97,0.0651,58.0,25.7
2025-05-28,37962.64,3400.9,7197.0,3226.0,0.0287,0.0529,0.0302,36.0,4.15,0.068,65.0,28.5
2024-04-16,46565.69,3097.19,6814.0,2722.0,0.0373,0.093,0.0695,55.0,4.18,0.0615,57.0,29.1
2025-12-10,43423.81,3365.63,8455.0,3477.0,0.0276,0.1684,0.0992,73.0,3.73,0.076,62.0,19.6
2024-04-05,36498.34,2930.71,6799.0,2780.0,0.0301,0.0872,0.0556,55.0,3.88,0.0653,61.0,28.7
2025-10-18,39622.97,2574.85,7134.0,3004.0,0.03,0.1091,0.0653,56.0,4.03,0.0569,65.0,11.4
2025-01-28,33978.55,3501.76,7615.0,3279.0,0.0243,0.0495,0.0439,47.0,4.4,0.0617,64.0,27.9
2025-08-21,32131.86,3020.05,6837.0,2799.0,0.0255,0.078,0.0586,59.0,4.13,0.0549,64.0,14.9
2025-02-08,23393.63,3591.33,7832.0,3324.0,0.0157,0.12,0.0627,56.0,4.27,0.0696,63.0,28.0
2024-05-14,21658.52,2835.73,6050.0,2586.0,0.0201,0.1639,0.0783,72.0,4.08,0.0578,59.0,32.0
2025-03-09,29439.45,2899.97,5514.0,2057.0,0.0298,0.087,0.0501,45.0,4.62,0.0545,61.0,29.9
2024-12-02,30263.65,2706.62,5514.0,2277.0,0.0307,0.0607,0.0499,42.0,4.06,0.0579,66.0,16.8
2025-05-05,35098.23,3911.48,8505.0,3579.0,0.0238,0.0949,0.0413,66.0,4.16,0.069,63.0,28.7
2025-06-12,45592.57,3435.69,9076.0,3715.0,0.0278,0.0265,0.0241,50.0,3.96,0.0646,66.0,24.8
2025-02-10,41091.8,3379.25,7632.0,3180.0,0.0292,0.1303,0.0524,56.0,3.91,0.0697,67.0,28.9
2024-06-29,23073.96,3547.16,7283.0,2883.0,0.0181,0.0661,0.0496,59.0,4.0,0.0692,63.0,22.4
2025-09-11,,3379.39,7496.0,3038.0,0.0187,0.0936,0.0438,42.0,,0.0568,69.0,13.1
2025-11-24,48554.53,2248.57,6668.0,2672.0,0.0401,0.083,0.0463,63.0,4.21,0.0594,62.0,16.1
2024-02-23,42155.57,3225.54,8021.0,3129.0,0.0295,0.0727,0.0492,56.0,4.22,0.0641,61.0,27.3
2024-11-26,32471.08,3432.97,7556.0,2975.0,0.0228,0.1115,0.0633,59.0,4.21,0.0555,65.0,15.6
2025-10-01,52404.74,3039.18,7738.0,3435.0,0.0376,0.1145,0.0689,60.0,3.96,0.0658,66.0,13.1
2025-11-27,43900.8,2242.57,6196.0,2642.0,0.0376,0.0687,0.0482,47.0,3.95,0.0624,69.0,18.9
2024-05-31,38366.68,2904.96,7487.0,3114.0,0.0282,0.0738,0.0487,62.0,4.12,0.07,59.0,24.2
2024-07-16,40437.23,2842.78,6948.0,2707.0,0.0322,0.1959,0.0642,57.0,4.11,0.063,62.0,17.8
2024-06-06,25242.88,3577.43,7594.0,2976.0,0.0195,0.1056,0.06,42.0,4.42,0.0574,60.0,24.2
2025-07-23,35029.29,3151.21,6400.0,2631.0,0.03,0.0865,0.0587,64.0,3.86,0.0696,64.0,18.4
2025-05-27,43929.29,3471.1,9095.0,3832.0,0.0266,0.1187,0.0505,60.0,4.31,0.0595,62.0,26.8
2024-09-04,32774.76,3383.9,7261.0,3081.0,0.0253,0.1627,0.0848,65.0,4.06,0.0638,61.0,13.5
2025-07-13,43391.38,2836.44,7265.0,3108.0,0.0326,0.088,0.0413,57.0,4.14,0.0597,66.0,16.9
2025-07-11,33507.81,2798.98,6520.0,2659.0,0.0281,0.1311,0.0492,53.0,3.88,0.062,64.0,19.5
2024-05-12,37386.96,3581.06,7899.0,3297.0,0.0268,0.0669,0.0561,63.0,3.94,0.0579,64.0,27.1
2025-07-30,21341.0,3512.0,7024.0,2895.0,0.0156,0.1139,0.0607,70.0,4.1,0.0731,63.0,20.5
2024-11-22,36007.63,2330.17,5814.0,2575.0,0.0347,0.1109,0.0631,54.0,4.16,0.0631,63.0,13.1
2025-05-01,34978.66,3271.38,5940.0,2405.0,0.0315,0.1484,0.0629,57.0,4.01,0.0805,63.0,26.9
2024-11-18,35845.54,3267.84,7470.0,2845.0,0.0262,0.1082,0.0397,43.0,4.18,0.054,62.0,17.2
2024-07-04,19956.08,3595.18,8897.0,3743.0,0.0123,0.1099,0.0596,70.0,3.97,0.0683,62.0,22.2
2025-07-31,49303.1,3475.45,8742.0,3791.0,0.0303,0.1683,0.0576,68.0,3.9,0.0699,65.0,15.7
2025-07-22,33665.05,3283.42,6484.0,2748.0,0.0282,0.1602,0.0758,65.0,3.78,0.0881,66.0,19.2
2024-05-22,42649.0,2567.92,6702.0,2966.0,0.0334,0.0869,0.049,68.0,3.89,0.0678,62.0,27.3
2025-04-01,38768.74,3959.07,8373.0,3443.0,0.025,0.0153,0.0052,52.0,3.89,0.0744,64.0,30.8
2024-04-18,32025.44,3720.94,9668.0,4148.0,0.0188,0.1139,0.0641,66.0,4.1,0.0668,55.0,31.3
2025-12-13,33598.04,2797.36,5423.0,2242.0,0.0341,0.0871,0.0371,52.0,4.04,0.0719,66.0,16.9
2024-12-20,31521.69,3438.64,7778.0,3287.0,0.0234,0.15,0.0686,53.0,4.0,0.0648,64.0,19.9
2024-03-02,30212.63,3254.03,6357.0,2340.0,0.0251,0.1234,0.0416,52.0,4.03,0.0624,60.0,35.8
2024-07-30,44241.02,2432.58,6588.0,2575.0,0.0376,0.125,0.0792,52.0,4.02,0.0645,59.0,16.3
2024-07-11,29851.96,2878.45,6777.0,2911.0,0.0231,0.1104,0.0617,66.0,4.16,0.0609,N/A,19.2
2024-11-10,37064.93,3106.69,6482.0,2857.0,0.0318,0.0916,0.0509,61.0,4.25,0.0598,59.0,12.3
2024-09-27,29084.31,2456.37,5874.0,2456.0,0.0284,0.1113,0.0495,65.0,3.91,0.077,57.0,14.7
2025-03-29,19538.19,4307.39,9760.0,3749.0,0.0111,0.1648,0.0696,50.0,4.02,0.0694,63.0,32.7
2024-10-15,38582.53,2624.59,5955.0,2442.0,0.0348,0.1024,0.0744,48.0,4.31,0.0737,60.0,16.3
2024-03-14,34013.45,3583.52,8254.0,3327.0,0.0214,0.1319,0.0702,85.0,3.73,0.0628,59.0,32.6
2025-11-23,39103.23,3364.05,7868.0,3203.0,0.0274,0.0972,0.0731,68.0,4.09,0.0704,71.0,17.0
2025-05-20,36327.33,3280.77,6771.0,2902.0,0.029,0.0804,0.0447,50.0,4.28,0.0472,66.0,27.2
2025-02-20,24874.03,3854.14,8816.0,3790.0,0.0155,0.0712,0.0484,58.0,3.85,0.0606,66.0,31.0
2024-03-08,40712.23,3230.5,8162.0,3408.0,0.0267,0.1156,0.0606,69.0,3.78,0.0695,61.0,29.4
2024-03-05,29600.3,3631.19,6607.0,2724.0,0.0258,0.0726,0.0464,70.0,4.16,0.0631,60.0,28.1
2024-08-21,31433.6,3210.4,7191.0,2956.0,0.0242,0.1433,0.0635,43.0,4.21,0.0655,65.0,15.3
2025-06-30,28482.72,3302.49,6965.0,2914.0,0.0212,0.1099,0.0704,46.0,4.36,0.0607,65.0,19.6
2024-07-28,42738.43,2791.33,7217.0,2947.0,0.0324,0.1138,0.0553,59.0,3.99,0.0745,60.0,18.4
2025-10-17,29072.01,2988.5,6955.0,2890.0,0.0239,0.1,0.0403,53.0,3.77,0.0691,62.0,13.7
2025-12-24,24267.13,2713.91,6069.0,2429.0,0.0219,0.162,0.0753,56.0,3.97,0.0677,64.0,19.8
2025-06-01,16145.02,3168.47,5757.0,2444.0,0.0149,0.0642,0.055,21.0,4.5,0.0537,62.0,29.8
2024-01-05,37100.34,2346.24,5946.0,2616.0,0.0352,0.1218,0.0699,74.0,4.08,0.0611,60.0,23.9
2024-11-29,33063.36,2567.7,7028.0,2916.0,0.0251,0.0521,0.0294,48.0,3.94,0.0687,62.0,16.5
2024-10-20,37120.73,1840.18,5305.0,2160.0,0.0395,0.1246,0.0651,60.0,3.78,0.0688,61.0,14.5
2025-04-10,36578.48,3421.26,9227.0,3732.0,0.0214,0.0787,0.0562,56.0,4.35,0.0524,63.0,30.5
2025-04-20,32073.1,3451.31,7173.0,3205.0,0.024,0.0969,0.066,61.0,4.28,0.0616,61.0,30.6
2025-05-26,26259.19,3337.4,6706.0,2780.0,0.0202,0.0535,0.0241,49.0,3.99,0.0714,62.0,26.0
2024-04-26,57569.82,3492.3,10329.0,4342.0,0.0308,0.1324,0.0615,59.0,3.87,0.0718,60.0,30.1
2024-05-11,33398.6,,5532.0,2154.0,0.0342,0.0352,0.0306,44.0,4.19,0.0726,64.0,31.4
2024-09-08,31859.66,2850.68,5407.0,1998.0,0.0318,0.1232,0.0475,55.0,3.86,0.0611,63.0,13.4
2024-01-28,36278.41,3317.88,8156.0,3261.0,0.0244,0.1214,,63.0,4.17,0.0616,59.0,27.9
2025-09-05,28989.93,3041.32,6553.0,2721.0,0.0237,0.1304,0.0589,83.0,3.82,0.0692,61.0,11.1
2025-06-18,34449.31,2760.15,6429.0,2711.0,0.0281,0.099,0.0666,69.0,3.81,0.0667,66.0,22.3
2024-02-13,47075.56,3368.08,8643.0,3670.0,0.0307,0.0537,0.0318,60.0,3.99,0.0655,60.0,28.4
2024-05-10,33230.16,3230.21,6529.0,2576.0,0.0274,0.1131,0.057,64.0,4.03,0.0599,60.0,28.2
2024-01-31,31525.94,3958.96,9626.0,3969.0,0.0188,0.0778,0.0615,57.0,4.06,0.0695,60.0,25.8
2024-12-15,40446.36,3545.82,9031.0,3908.0,0.0251,0.0561,0.0364,58.0,3.99,0.0574,59.0,22.4
2024-04-24,36314.87,3440.77,7798.0,3101.0,0.0251,0.0977,0.0574,65.0,3.92,0.0646,57.0,28.4
2025-01-25,33246.82,2512.67,6383.0,2604.0,0.0289,0.1032,0.0581,53.0,4.07,0.0498,63.0,26.1
2024-12-21,29652.94,3153.34,6849.0,2821.0,0.0245,0.0892,0.0512,59.0,3.99,0.0593,62.0,20.9
2025-08-15,34586.69,3598.96,7960.0,3482.0,0.024,0.0633,0.052,60.0,3.97,0.063,64.0,15.5
2025-08-24,31047.34,2721.51,5539.0,2533.0,0.0304,0.0848,0.0516,30.0,4.33,0.0596,66.0,17.1
2025-03-03,37952.61,4122.45,10099.0,4265.0,0.0205,0.0832,0.0431,35.0,4.42,0.0524,66.0,29.0
2024-09-26,28544.27,2709.07,7035.0,2959.0,0.0232,0.1138,0.0575,65.0,3.84,0.0668,63.0,12.4
2024-08-12,36946.12,2860.01,6078.0,2476.0,0.0338,0.0552,0.0382,60.0,4.25,0.0617,61.0,15.8
2025-08-05,32454.29,2908.42,6195.0,2832.0,0.0279,0.0664,0.0458,52.0,3.68,0.0771,64.0,16.3
2024-05-01,32418.6,3460.11,7336.0,3063.0,0.0245,0.053,0.0494,42.0,3.97,0.0681,61.0,29.6
2025-09-15,35780.24,2647.73,6548.0,2769.0,0.0294,0.1645,0.0819,65.0,4.06,0.0582,61.0,11.5
2025-08-20,28416.59,3224.0,6032.0,2316.0,0.0255,0.1175,0.0668,63.0,4.13,0.064,66.0,13.5
2025-08-18,40463.19,2799.84,7314.0,3142.0,0.0304,0.0991,0.0485,56.0,4.07,0.0686,63.0,16.6
2024-01-29,32459.52,3340.96,8025.0,3410.0,0.022,0.076,0.046,49.0,4.18,0.0563,58.0,28.5
2024-05-09,37237.1,3046.14,7516.0,3102.0,0.0265,0.034,0.038,50.0,4.33,0.0658,63.0,28.9
2024-12-22,28786.38,3161.06,6071.0,2630.0,0.0251,0.0889,,59.0,4.14,0.0548,60.0,20.9
2025-09-30,31221.08,,8001.0,3144.0,0.0208,0.0954,0.0415,47.0,4.05,0.0601,66.0,12.4
2024-05-17,38007.52,3630.83,7710.0,3267.0,0.0276,0.1015,0.0539,65.0,3.87,0.065,61.0,26.7
2025-08-03,32811.89,2178.56,4477.0,1991.0,0.0401,0.1407,0.0626,73.0,3.86,0.0644,63.0,20.6
2025-04-05,29188.01,3693.17,9373.0,3805.0,0.0168,0.1196,0.0637,66.0,4.18,0.0613,64.0,31.4
2024-07-29,33117.77,3223.08,7471.0,3127.0,0.024,0.0575,0.0486,60.0,3.89,0.0736,64.0,16.1
2024-12-23,35505.47,3180.84,5991.0,2628.0,0.0343,0.1164,0.0698,73.0,3.95,0.0643,62.0,23.1
2025-08-19,37870.66,2761.6,6705.0,2757.0,0.0304,0.1075,0.0591,66.0,4.08,0.0679,62.0,14.5
2025-02-05,43567.16,3460.05,7518.0,3027.0,0.032,0.0965,0.0661,60.0,4.0,0.0736,63.0,27.5
2024-02-21,27178.41,3548.96,7824.0,3352.0,0.0193,0.0688,0.0275,36.0,4.5,0.051,60.0,27.4
2024-02-10,39875.74,3530.17,9237.0,3812.0,0.0246,0.1251,0.0754,76.0,4.01,0.0499,58.0,30.2
2025-04-09,41664.51,3191.25,8791.0,3686.0,0.026,0.0717,,62.0,,0.0603,66.0,30.3
2025-05-09,21985.46,3409.44,6916.0,2931.0,0.018,0.1497,0.062,58.0,3.78,0.0778,66.0,31.5
2024-12-16,39026.24,3165.19,7392.0,2870.0,0.0283,0.1089,0.0565,61.0,3.96,0.074,57.0,16.7
2024-11-13,40881.99,2587.52,6592.0,2794.0,0.0336,0.0634,0.0413,53.0,4.02,0.0586,64.0,15.8
2024-07-23,33815.71,2220.25,5744.0,2556.0,0.0322,0.1032,0.0532,56.0,4.16,0.0556,62.0,18.5
2024-01-09,26094.8,3052.19,5698.0,2222.0,0.0266,0.0683,0.0276,43.0,4.26,0.0516,59.0,23.6
2025-06-21,31690.42,3690.93,8673.0,3632.0,0.0204,0.0871,0.05,48.0,4.22,0.0637,67.0,23.7
2025-04-24,18938.16,4471.36,9786.0,4014.0,0.0107,0.0658,0.0408,44.0,4.31,0.0664,64.0,29.9
2025-12-17,53475.07,2640.44,8113.0,3465.0,0.0362,0.1157,0.0712,69.0,4.0,0.0626,67.0,21.9
2024-10-31,38435.91,2752.44,6032.0,2407.0,0.0348,0.1009,0.0488,66.0,4.08,0.0565,61.0,16.1
2025-03-28,16894.35,4262.42,8532.0,3650.0,0.0115,0.0728,0.0346,54.0,4.08,0.0603,59.0,31.3
2025-09-04,43582.3,2389.45,6152.0,2347.0,0.0376,0.0837,0.0436,53.0,4.02,0.062,64.0,13.1
2024-10-25,42915.56,2138.13,5345.0,2121.0,0.0421,0.0981,0.0449,45.0,4.13,0.0544,61.0,12.6
2024-09-28,26078.28,2819.68,5992.0,2513.0,0.0246,0.0889,0.061,53.0,4.04,0.0597,63.0,12.1
2025-05-24,31990.64,3614.38,9247.0,3979.0,0.0184,0.116,0.0724,65.0,3.95,0.0677,65.0,28.0
2024-10-18,32726.95,2786.9,6769.0,2769.0,0.0266,0.0893,0.0468,60.0,4.03,0.0568,64.0,13.2
2024-03-20,31473.34,3314.39,7640.0,3391.0,0.023,0.1086,0.0601,50.0,4.06,0.0542,60.0,29.6
2024-12-05,31131.66,3174.12,7152.0,2950.0,0.0241,0.0682,0.0454,55.0,3.89,0.0807,63.0,16.6
2024-02-19,27252.29,3341.89,6473.0,2735.0,0.0234,0.0571,0.025,31.0,4.25,0.0576,62.0,32.4
2024-09-07,39326.86,2604.55,6559.0,2685.0,0.0322,0.1225,0.0453,50.0,4.13,0.0622,62.0,14.4
2024-05-27,37847.44,3239.6,7155.0,3028.0,0.0289,0.0631,0.044,43.0,4.1,0.065,64.0,26.9
2025-11-30,,3002.92,7502.0,3061.0,0.0266,0.1182,0.0545,48.0,4.07,0.0667,66.0,15.6
2024-02-27,24272.96,3878.35,8319.0,3651.0,0.0162,0.1209,0.0705,52.0,4.33,0.0585,60.0,30.4
2025-01-27,31195.51,3169.32,6605.0,2738.0,0.026,0.0989,0.0512,47.0,4.12,0.062,61.0,26.3
2025-09-18,29610.25,2716.58,6089.0,2546.0,0.025,0.1268,0.0479,58.0,4.12,0.0598,65.0,11.5
2024-02-25,32359.36,3122.86,7320.0,3100.0,0.0243,0.0919,0.0606,53.0,4.04,0.0638,58.0,29.2
2024-12-04,44652.39,3358.84,8702.0,3587.0,0.0287,0.1419,0.0725,72.0,3.49,0.073,62.0,18.4
2025-11-19,36477.3,2847.53,7402.0,3065.0,0.0262,0.101,0.0486,48.0,4.31,0.0687,65.0,18.1
2025-12-23,35938.7,2432.26,5794.0,2210.0,0.0337,0.0602,0.0515,57.0,4.1,0.0624,67.0,23.6
2024-12-28,32468.63,3472.39,8386.0,3669.0,0.0215,0.124,0.0624,62.0,4.0,0.0657,61.0,21.2
2024-12-18,35711.23,2850.58,6977.0,2963.0,0.0282,0.1096,0.0808,56.0,3.84,0.0662,63.0,22.2
2025-03-18,30984.33,3690.99,8050.0,3453.0,0.0209,0.0732,0.0603,63.0,4.06,0.0616,59.0,31.2
2024-01-26,39395.31,3053.52,7905.0,3223.0,0.0275,0.1691,0.0919,65.0,3.7,0.0663,63.0,25.9
2025-04-22,29885.65,3166.65,6496.0,2589.0,0.0252,0.0893,0.0448,60.0,3.92,0.0706,61.0,28.2
2024-06-23,45206.49,2681.45,5829.0,2482.0,0.0413,0.0885,0.0688,63.0,3.84,0.0706,64.0,25.2
2024-12-13,33550.64,3222.09,9547.0,4010.0,0.0193,0.0914,0.0414,63.0,3.98,0.0628,65.0,18.5
2024-02-29,39264.57,3702.28,8043.0,3146.0,0.0256,0.0903,0.042,70.0,3.97,0.0616,62.0,29.0
2024-06-02,29937.8,3086.13,6117.0,2579.0,0.0264,0.1105,0.0437,57.0,3.98,0.0569,58.0,27.2
2025-04-04,45129.97,3574.2,7821.0,3109.0,0.0318,0.101,0.0594,59.0,3.93,0.0692,60.0,28.3
2024-06-10,34689.3,2955.96,6375.0,2683.0,0.0309,0.0893,0.054,65.0,3.94,0.0653,61.0,27.8
2024-09-01,27511.5,3494.72,6991.0,2965.0,0.0221,0.122,0.0811,64.0,3.8,0.0695,59.0,15.9
2024-06-07,29158.72,3052.87,4994.0,2136.0,0.0335,0.0965,0.0427,59.0,4.04,0.0754,60.0,26.7
2024-11-09,38890.44,2965.81,6920.0,3111.0,0.0303,0.0841,0.042,52.0,4.05,0.062,61.0,14.1
2025-07-28,32664.03,3122.27,6919.0,2920.0,0.0246,0.0759,0.0578,49.0,3.87,0.0657,64.0,19.8
2025-01-19,38830.23,2719.95,6478.0,2563.0,0.0305,0.0746,0.0582,64.0,,0.0643,61.0,25.8
2025-01-12,34023.1,2529.87,5418.0,2245.0,0.0345,0.1222,0.0713,56.0,3.94,0.0704,62.0,21.3
2025-03-22,25370.63,3945.34,7992.0,3361.0,0.0172,0.1193,0.0572,59.0,4.19,0.0709,65.0,31.2
2025-11-10,42255.51,2903.38,7137.0,3148.0,0.0313,0.038,0.0336,61.0,4.02,0.0616,66.0,14.2
2025-09-26,35414.21,2746.52,6140.0,2590.0,0.0306,0.0856,0.0535,60.0,3.74,0.0658,67.0,13.9
2024-02-24,36860.34,3177.36,7228.0,2834.0,0.0282,0.1183,0.0805,57.0,4.03,0.0602,61.0,28.9
2025-07-17,28450.78,2854.36,4934.0,2064.0,0.0299,0.0953,0.0458,51.0,3.88,0.0642,64.0,19.4
2025-06-06,27653.48,3848.55,7790.0,3275.0,0.0192,0.1026,0.0562,35.0,4.21,0.0668,64.0,25.4
2024-06-17,43079.51,3111.95,7485.0,3189.0,0.0317,0.1546,0.0755,59.0,3.98,0.0617,62.0,22.7
2025-01-16,35895.12,3717.8,7975.0,3351.0,0.0234,0.0838,0.0779,45.0,4.1,0.0746,64.0,25.4
2025-06-09,32281.43,3208.48,6772.0,2810.0,0.0262,0.0821,0.0611,40.0,4.15,0.0702,64.0,23.9
2025-01-26,39553.33,3346.87,7527.0,3189.0,0.0284,0.0947,0.0266,30.0,4.43,0.0689,62.0,25.3
2024-11-15,35741.19,2429.48,6223.0,2789.0,0.0325,0.0638,0.0424,71.0,4.04,0.0704,65.0,13.4
2024-01-25,36546.26,3020.18,8364.0,3606.0,0.0243,0.0524,0.0375,47.0,4.04,0.0608,63.0,25.1
2025-03-06,27141.52,3166.77,6251.0,2748.0,0.0236,0.1388,0.0692,62.0,4.04,0.0557,63.0,29.3
2025-12-12,28130.16,3398.31,7905.0,3191.0,0.0184,0.1119,0.064,49.0,3.95,0.0631,62.0,19.0
2025-08-01,26765.03,2944.68,4578.0,1804.0,0.0319,0.0766,0.0529,61.0,4.27,0.0667,63.0,17.0
2024-01-19,34342.76,3436.55,7388.0,3056.0,0.0261,0.0393,0.0236,49.0,4.28,0.0569,58.0,26.4
2025-07-29,22625.65,2540.87,4089.0,1806.0,0.0298,0.1147,0.0808,50.0,3.95,0.0631,66.0,16.3
2024-11-08,40592.73,3417.9,8211.0,3293.0,0.0279,0.1181,0.064,58.0,3.84,0.0721,65.0,13.0
2024-09-11,42146.99,2639.05,6550.0,2629.0,0.0349,0.0434,0.0383,54.0,4.13,0.0647,63.0,14.6
2025-09-23,34815.88,3748.63,8981.0,3847.0,0.0217,0.0111,0.0112,52.0,4.12,0.0677,61.0,13.5
2024-03-28,45287.5,3438.07,7884.0,3215.0,0.0312,0.1541,0.0708,52.0,4.21,0.0605,61.0,29.3
2025-01-23,40894.63,3404.47,7910.0,3276.0,0.029,0.0757,0.0315,55.0,3.95,0.0614,63.0,27.0
2025-01-17,37449.48,2705.68,5448.0,2394.0,0.0368,0.1206,0.0652,58.0,4.02,0.0704,63.0,23.4
2025-06-26,40388.13,3343.84,7219.0,3084.0,0.0315,0.1202,0.0639,65.0,4.06,0.0711,64.0,20.0
2024-08-10,28438.7,2899.91,7102.0,2918.0,0.0222,0.0828,0.0485,57.0,4.05,0.0663,63.0,15.6
2025-04-14,32106.61,3241.75,6489.0,2813.0,0.0274,0.0743,0.0463,62.0,3.76,0.0608,63.0,32.0
2024-08-06,26007.53,2804.46,6854.0,2792.0,0.0205,0.111,0.0707,65.0,3.91,0.0575,63.0,18.8
2025-08-09,37632.68,2578.65,5979.0,2591.0,0.0344,0.1072,0.0534,58.0,4.16,0.0638,63.0,16.3
2025-12-11,30563.93,3141.07,6622.0,2679.0,0.0243,0.1123,0.0624,56.0,4.04,0.0587,66.0,19.5
2025-01-13,21631.95,3799.72,9382.0,4118.0,0.0128,0.0941,0.0431,45.0,4.29,0.069,62.0,25.5
2025-12-05,30299.8,3472.72,7940.0,3408.0,0.0206,0.064,0.0495,61.0,3.92,0.06,66.0,17.7
2025-02-19,29115.64,3537.27,8419.0,3317.0,0.019,0.1145,0.0513,44.0,4.3,0.0629,61.0,29.9
2024-07-12,28493.94,3517.69,7375.0,3051.0,0.0208,0.1648,0.082,74.0,3.92,0.0745,58.0,23.1
2025-12-16,36603.92,2755.04,6691.0,2816.0,0.0306,0.1339,0.0643,63.0,3.98,0.0686,68.0,16.4
2025-10-23,52105.12,2886.08,7877.0,3314.0,0.0349,0.1013,0.0472,59.0,4.23,0.068,62.0,13.2
2024-03-07,39509.45,3267.02,8177.0,3578.0,0.0267,0.1269,0.0687,78.0,3.83,0.0657,60.0,29.8
2025-06-19,29585.01,3524.98,7753.0,3303.0,0.0213,0.1135,0.0607,42.0,4.2,0.0612,62.0,22.6
2024-03-12,28529.58,3007.58,6047.0,2577.0,0.0248,0.1244,0.0611,58.0,4.05,0.0628,62.0,30.2
2025-03-15,30148.81,3707.25,7882.0,3181.0,0.0208,0.1264,0.0505,47.0,3.81,0.0668,64.0,31.4
2025-10-28,38216.01,2342.72,6199.0,2868.0,0.0343,0.1215,0.0715,62.0,3.9,0.0766,65.0,15.7
2025-08-29,40037.25,3172.86,7586.0,3302.0,0.0285,0.0392,0.0376,51.0,4.33,0.0627,66.0,14.8
2024-01-16,35318.75,2807.32,7298.0,3046.0,0.0287,0.0446,0.0381,63.0,3.93,0.0639,60.0,24.8
2025-11-02,38499.78,3022.15,6681.0,3086.0,0.0303,0.1035,0.0577,45.0,4.05,0.0586,66.0,12.5
2025-11-25,35391.2,2753.28,6601.0,2799.0,0.0305,0.0804,0.0605,56.0,3.82,0.071,64.0,18.1
2025-04-02,32340.69,3286.81,7709.0,3361.0,0.0231,0.1447,0.0605,48.0,4.14,0.0641,64.0,30.5
2024-12-24,29118.86,2791.27,7047.0,3018.0,0.0231,0.0707,0.0529,59.0,3.9,0.062,63.0,21.6
2025-02-23,21297.57,3960.71,9453.0,3775.0,0.0131,0.0225,0.0236,47.0,3.98,0.058,60.0,32.2
2024-05-15,40120.64,2990.81,7548.0,3225.0,0.0302,0.0575,0.0497,56.0,4.04,0.0644,57.0,30.2
2025-08-12,29282.72,3539.53,8823.0,3571.0,0.0186,0.1224,0.0662,45.0,4.11,0.0558,66.0,16.2
2024-01-30,27393.59,3353.76,7891.0,3336.0,0.0185,0.1028,0.039,55.0,4.35,0.0673,63.0,28.4
2024-06-30,34132.53,3160.36,7506.0,3213.0,0.0254,0.175,0.0739,55.0,3.79,0.0672,61.0,22.0
2024-08-15,35839.5,3471.16,9542.0,4038.0,0.0208,0.1112,0.0719,69.0,4.02,0.067,63.0,14.7
2025-11-13,22106.29,3414.57,6392.0,3009.0,0.0196,0.1535,0.064,56.0,4.2,0.0562,65.0,17.1
2024-04-14,36883.83,3105.34,6487.0,2612.0,0.0316,0.092,,60.0,4.18,0.0742,66.0,31.8
2024-11-17,41897.33,2785.75,6351.0,2679.0,0.037,0.1077,0.0528,58.0,3.92,0.0639,62.0,15.3
2024-09-25,27397.02,2727.89,6515.0,2745.0,0.0234,0.1077,0.0594,56.0,4.24,0.0698,65.0,12.3
2025-01-30,38546.3,3402.27,7408.0,3028.0,0.028,0.0948,0.0603,51.0,4.05,0.066,65.0,27.2
2025-03-26,30982.44,3531.56,6800.0,2763.0,0.025,0.1198,0.0488,68.0,,0.0682,62.0,30.6
2025-03-07,26788.93,3700.49,7870.0,3212.0,0.0183,0.1301,0.0617,61.0,3.69,0.0644,63.0,30.4
2025-03-04,23133.69,3040.12,5012.0,1917.0,0.0245,0.0862,0.0445,58.0,4.01,0.0653,65.0,28.3
2024-08-29,40450.62,2725.92,6322.0,2596.0,0.0349,0.0505,0.0373,54.0,3.73,0.0663,61.0,15.1
2025-04-23,37963.02,3566.53,9745.0,4012.0,0.0223,0.0925,0.0471,53.0,3.93,0.0677,63.0,30.3
2025-05-30,32349.27,3540.97,7928.0,3422.0,0.0219,0.1106,0.0578,67.0,3.9,0.066,58.0,25.7
2024-07-22,42997.56,3169.23,8523.0,3795.0,0.0275,0.0878,0.0636,58.0,3.82,0.0661,61.0,19.0
2025-10-13,27828.24,2807.67,4260.0,1849.0,0.0343,0.1384,0.0766,68.0,3.86,0.0668,68.0,14.2
2024-03-24,34994.0,3295.51,7029.0,2939.0,0.0287,0.0869,0.0442,58.0,3.84,0.0608,60.0,29.7
2024-04-28,33548.05,3966.41,8074.0,3125.0,0.0235,0.1325,0.0688,64.0,3.74,0.0778,60.0,30.7
2024-04-06,37992.49,2974.16,6878.0,2801.0,0.031,0.0417,0.0372,39.0,4.04,0.0619,62.0,32.8
2024-06-15,29970.6,3505.29,7269.0,2772.0,0.0235,0.0978,0.0273,49.0,3.96,0.0763,60.0,24.8
2025-03-19,25107.72,4028.59,7953.0,3325.0,0.0177,0.0585,0.0346,45.0,3.98,0.063,64.0,33.0
2024-07-08,24697.7,3609.65,6493.0,2644.0,0.0216,0.0941,0.0574,60.0,3.67,0.0792,61.0,21.8
2025-10-25,39347.13,2778.47,6871.0,2894.0,0.0312,0.1086,0.0399,61.0,4.1,0.0594,63.0,13.1
2025-08-31,51772.48,2309.44,7826.0,3350.0,0.0372,0.1529,0.0686,69.0,3.84,0.0711,62.0,14.6
2024-04-02,34236.29,3288.62,6490.0,2656.0,0.0295,0.0402,0.0519,48.0,4.08,0.0475,59.0,30.2
2025-01-01,28907.99,2891.3,7968.0,3450.0,0.0207,0.1528,0.081,57.0,4.24,0.057,62.0,21.1
2024-11-11,36310.79,2717.91,5705.0,2432.0,0.0345,0.0719,0.0488,50.0,4.41,0.0598,61.0,16.6
2024-09-18,39180.76,2621.03,7401.0,2941.0,0.0302,0.1848,0.0785,66.0,3.83,0.0687,61.0,15.6
2024-12-27,34340.65,3249.37,7356.0,3182.0,0.0251,0.109,0.057,53.0,3.95,0.0707,65.0,20.2
2024-05-18,26961.97,4031.84,8289.0,3671.0,0.0184,0.1623,0.0739,65.0,3.87,0.0718,60.0,26.2
2025-10-09,37063.65,2256.67,5704.0,2270.0,0.0364,0.0769,0.0452,52.0,4.08,0.0616,65.0,12.6
2024-10-03,36007.03,2443.58,6435.0,2538.0,0.0318,0.1277,0.056,47.0,3.93,0.0642,62.0,10.9
2024-02-26,24817.67,3254.54,7394.0,3020.0,0.0191,0.0937,0.0486,39.0,4.3,0.0636,61.0,30.9
2025-12-25,43797.77,2921.96,7933.0,3123.0,0.0302,0.1306,0.0661,58.0,4.21,0.0567,64.0,22.3
2025-03-05,34778.12,3664.96,6963.0,2990.0,0.028,0.0822,0.0481,45.0,4.12,0.066,61.0,30.6
2024-03-29,29083.29,3602.81,8204.0,3512.0,0.0198,0.0764,0.071,57.0,4.12,0.0696,58.0,29.0
2025-08-08,56916.64,3694.61,9619.0,3921.0,0.0316,0.121,0.0636,77.0,4.05,0.0693,61.0,16.1
2025-06-08,28318.19,3860.64,7869.0,3211.0,0.0188,0.0625,0.0629,59.0,3.93,0.068,62.0,27.6
2024-10-07,27878.78,2882.22,5700.0,2347.0,0.0273,0.063,0.0258,61.0,4.29,0.068,64.0,11.1
2025-01-05,40673.33,3184.65,8136.0,3507.0,0.0276,0.1068,0.0661,65.0,3.86,0.0622,63.0,22.0
2024-05-19,30851.02,4348.24,9290.0,3774.0,0.0185,0.0827,0.0316,42.0,3.97,0.0745,63.0,27.5
2024-12-26,26362.41,3054.54,6521.0,2486.0,0.0207,0.1127,,55.0,4.27,0.0525,61.0,20.6
2025-11-05,26823.72,3231.74,6853.0,2782.0,0.0213,0.0673,0.0439,53.0,3.78,0.0616,68.0,13.7
2024-10-14,35811.74,2743.22,6219.0,2650.0,0.0314,0.1164,0.0687,70.0,3.97,0.0753,60.0,9.6
2025-10-04,38515.32,3575.71,8260.0,3384.0,0.0261,0.0697,0.0404,61.0,3.94,0.067,66.0,15.3
2025-02-01,39935.28,3446.79,7625.0,3328.0,0.0292,0.0802,0.035,41.0,3.99,0.0577,65.0,26.9
2025-02-21,27503.47,3942.38,8289.0,3698.0,0.0178,0.0974,0.0625,60.0,4.0,0.0694,65.0,30.1
2024-12-06,39138.16,2165.72,5241.0,2196.0,0.0409,0.1099,0.031,48.0,4.13,0.0669,62.0,18.9
2024-12-31,33789.23,3662.79,9074.0,3892.0,0.0199,0.096,0.0561,48.0,3.88,0.0642,65.0,21.4
2024-01-24,53259.43,3109.28,8736.0,3709.0,0.034,0.0324,0.0468,43.0,4.24,0.0687,62.0,26.3
2024-12-11,41797.4,2279.33,5784.0,2199.0,0.0394,0.0762,0.058,62.0,3.76,0.0635,65.0,20.3
2024-06-13,24711.61,3485.05,7524.0,3183.0,0.0184,0.1402,0.0747,57.0,3.58,0.0748,61.0,26.5
2025-11-18,34205.8,3527.07,8645.0,3743.0,0.0206,0.0835,0.0581,59.0,4.07,0.0597,65.0,18.0
2024-11-30,40950.57,2940.25,6277.0,2414.0,0.0362,0.0718,0.0393,61.0,4.25,0.0563,64.0,17.7
2024-11-06,32944.95,3210.63,6515.0,2682.0,0.0281,0.1458,0.0821,72.0,3.78,0.058,62.0,16.4
2025-10-27,55669.7,2307.81,7144.0,3024.0,0.0412,0.0982,0.0681,63.0,4.12,0.0703,63.0,14.8
2024-05-08,36811.75,3150.24,5621.0,2243.0,0.0354,0.0975,0.045,48.0,4.14,0.061,61.0,29.3
2024-12-19,37860.68,3342.35,7566.0,3177.0,0.0277,0.1784,0.06,57.0,4.0,0.0713,63.0,18.9
2025-05-13,44946.82,2805.02,6997.0,2904.0,0.0351,0.0959,0.0588,59.0,4.2,0.0615,67.0,28.5
2025-12-03,31300.12,2731.67,5722.0,2560.0,0.0303,0.1031,0.0571,62.0,4.08,0.055,68.0,18.2
2024-08-28,28290.06,2455.35,5693.0,2256.0,0.0274,0.0575,0.0291,44.0,4.04,0.0665,60.0,15.2
2025-04-03,34219.02,3699.65,8650.0,3595.0,0.0222,0.1514,0.085,65.0,4.1,0.062,62.0,30.0
2024-11-14,35882.91,3183.06,6465.0,2581.0,0.0298,0.0784,0.0582,66.0,3.78,0.068,62.0,14.2
2025-08-30,35332.77,3059.4,7533.0,3160.0,0.0264,0.1391,0.0714,58.0,4.02,0.0641,62.0,15.3
2024-09-19,45883.38,2794.46,7966.0,3266.0,0.0322,0.0833,0.058,57.0,3.95,0.0713,60.0,12.6
2024-04-08,42348.68,3576.48,8909.0,3839.0,0.0261,0.0746,0.0537,53.0,4.11,0.0627,59.0,32.2
2025-07-02,49911.72,3465.74,8029.0,3515.0,0.0332,0.0286,0.045,54.0,3.98,0.0631,61.0,24.4
2025-07-19,30636.02,3368.65,8240.0,3284.0,0.0195,0.1483,0.0908,63.0,4.1,0.0786,64.0,19.1
2025-10-02,26494.08,2333.0,4488.0,1916.0,0.031,0.0845,0.0418,56.0,4.01,0.0631,65.0,14.1
2024-03-30,18738.75,3591.57,7053.0,3010.0,0.0141,0.0834,0.041,51.0,4.12,0.0524,60.0,32.1
2024-07-21,31116.12,2981.64,7799.0,3263.0,0.0215,0.0526,0.0399,56.0,3.84,0.0676,60.0,19.4
2024-01-04,32159.03,3351.03,7382.0,3155.0,0.0246,0.1252,0.0569,63.0,4.04,0.0575,60.0,22.8
2024-09-12,49944.58,2995.11,7397.0,3122.0,0.0385,0.1856,0.073,78.0,3.97,0.0724,62.0,14.7
2024-11-27,50884.47,3133.26,8303.0,3486.0,0.0338,0.0911,0.0463,43.0,3.89,0.0747,59.0,16.6
2025-07-03,40982.95,3443.79,7524.0,3235.0,0.0291,0.1111,0.0695,62.0,4.04,0.0559,65.0,24.3
2025-11-20,38019.97,2865.01,6679.0,2821.0,0.0309,0.0913,0.0641,63.0,3.62,0.0645,64.0,16.2
2025-12-20,34782.03,2851.19,6158.0,2541.0,0.0317,0.1258,0.0538,52.0,4.06,0.0705,64.0,16.9
2024-05-26,48868.47,3079.84,7034.0,3015.0,0.0383,0.0419,0.0323,54.0,4.04,0.0618,62.0,26.3
2025-03-21,32630.69,3053.21,5716.0,2261.0,0.0323,0.0382,0.0269,49.0,3.92,0.0623,63.0,28.4
2024-01-20,28232.58,3118.55,6399.0,2892.0,0.0251,0.1048,0.044,54.0,4.26,0.0614,60.0,26.4
2024-11-24,39824.92,2481.87,6062.0,2582.0,0.0354,0.1261,0.0561,59.0,4.0,0.0588,62.0,19.7
2025-07-08,39247.53,3149.05,7217.0,3222.0,0.0306,0.1486,0.0682,68.0,4.21,0.0616,63.0,20.9
2024-09-17,36305.68,2632.08,6934.0,3038.0,0.0295,0.1473,0.0868,72.0,3.83,0.0661,63.0,13.0
2024-10-25,42915.56,2138.13,5345.0,2121.0,0.0421,0.0981,0.0449,45.0,4.13,0.0544,61.0,12.6
2024-11-01,44752.97,2409.25,5836.0,2434.0,0.0428,0.0299,0.0234,34.0,4.19,0.0667,64.0,14.1
2024-12-30,33499.79,3093.25,6543.0,2643.0,0.0286,0.106,0.0552,59.0,4.0,0.0736,62.0,22.5
2024-10-17,46042.64,2642.98,6529.0,2649.0,0.0388,0.104,0.0308,47.0,4.11,0.0633,60.0,14.4
2024-07-09,29313.13,3628.67,7777.0,3206.0,0.0206,0.0516,0.037,45.0,4.2,0.0673,59.0,19.0
2025-06-11,35224.23,3397.39,7584.0,3093.0,0.0247,0.1118,0.0495,64.0,3.81,0.0676,64.0,26.5
2025-11-15,42649.97,2834.29,7696.0,3146.0,0.0301,0.1202,0.0591,50.0,4.13,0.0636,66.0,14.4
2024-07-15,24653.49,3212.34,7146.0,3048.0,0.0194,0.0967,0.0449,55.0,4.0,0.0762,61.0,20.8
2024-05-20,29491.77,3468.76,7967.0,3339.0,0.0197,0.0833,0.0386,51.0,3.98,0.0725,59.0,27.0
2024-03-23,39733.02,,7643.0,3239.0,0.0275,0.1996,0.1007,73.0,4.28,0.0558,61.0,30.1
2024-05-02,43229.19,3471.35,8475.0,3626.0,0.0288,0.1147,0.0471,50.0,4.34,0.0525,62.0,28.7
2025-09-13,36720.2,2879.06,7132.0,3042.0,0.0278,0.0621,0.0387,52.0,4.23,0.0552,67.0,15.6
2024-04-20,34586.65,3575.56,9460.0,3976.0,0.0203,0.0845,0.0672,68.0,3.58,0.0748,62.0,31.4
2024-03-25,32666.62,3011.9,6419.0,2860.0,0.0284,0.1025,0.0657,71.0,3.7,0.072,63.0,32.0
2025-10-19,28823.79,2943.52,5929.0,2503.0,0.0261,0.1732,0.0729,75.0,3.98,0.0685,66.0,12.6
2025-11-14,32635.49,2799.07,7547.0,3217.0,0.0224,0.1358,0.0653,69.0,4.0,0.0644,63.0,15.6
2024-06-28,34345.07,3196.57,6393.0,2661.0,0.0292,0.0606,0.0286,63.0,3.95,0.0636,60.0,24.5
2025-07-21,34779.56,2869.04,6135.0,2265.0,0.0306,0.1167,0.0644,62.0,3.94,0.0625,63.0,19.9
2025-05-21,29132.91,4313.4,9285.0,3928.0,0.0168,0.1126,0.0617,58.0,4.07,0.0674,61.0,28.4
2024-04-09,16634.07,3119.19,4976.0,2073.0,0.0205,0.1455,0.0748,52.0,4.17,0.057,61.0,29.9
2025-05-07,40637.68,3424.56,7993.0,3144.0,0.0277,0.11,0.045,59.0,3.97,0.0692,63.0,29.4
2024-03-15,39541.49,3461.84,8761.0,3921.0,0.0253,0.0965,0.0597,49.0,4.19,0.0586,60.0,30.5
2024-01-08,38621.36,2940.17,7438.0,2961.0,0.0287,0.167,0.0846,64.0,4.18,0.0518,56.0,21.0
2025-07-06,24428.75,3296.19,5822.0,2524.0,0.0217,0.1189,0.0789,62.0,4.04,0.0546,68.0,19.9
2025-11-04,46778.5,2474.09,5560.0,2374.0,0.0455,0.1041,0.0491,51.0,4.07,0.0499,66.0,16.3
2024-09-30,27074.1,3441.86,8202.0,3272.0,0.0188,0.1233,0.0587,61.0,3.88,0.0664,63.0,13.5
2024-10-06,36991.21,,6852.0,2891.0,0.03,0.0736,0.0363,49.0,4.04,0.072,62.0,13.0
2025-01-31,37864.65,3626.31,9444.0,3946.0,0.0221,0.0942,0.0445,49.0,4.08,0.0724,62.0,26.6
2024-06-03,34881.05,3231.88,6443.0,2625.0,0.0289,0.1344,0.067,52.0,3.94,0.0687,61.0,26.1
2025-06-10,32626.72,3866.66,9080.0,3837.0,0.0198,0.1143,,64.0,4.22,0.0539,65.0,24.8
2024-07-10,36185.57,2956.14,6127.0,2726.0,0.0316,0.0969,0.0703,55.0,4.29,0.0583,61.0,19.8
2025-10-16,25194.79,3080.06,5642.0,2429.0,0.0245,0.1004,0.0653,57.0,4.05,0.0596,64.0,16.7
2025-11-09,33981.53,3092.79,7060.0,3003.0,0.0273,0.1199,0.0627,53.0,4.13,0.0685,67.0,14.2
2024-07-06,35025.15,2616.16,6633.0,2926.0,0.029,0.0952,0.0551,56.0,3.94,0.0586,63.0,19.7
2024-02-20,40331.79,3424.36,7623.0,3210.0,0.0287,0.0982,0.0539,56.0,4.16,0.0617,63.0,27.7
2024-02-08,39034.16,2969.88,5822.0,2531.0,0.037,0.1919,0.0908,67.0,4.12,0.0669,59.0,28.4
2025-03-25,29105.4,3710.4,8513.0,3628.0,0.0186,0.0923,0.0334,39.0,4.08,0.0643,61.0,31.0
2025-02-22,40635.88,3458.17,8540.0,3758.0,0.0267,0.0967,0.0494,53.0,3.9,0.0625,63.0,27.1
2025-10-10,43500.25,2921.32,6991.0,2841.0,0.0336,0.1587,0.0838,68.0,3.8,0.0674,64.0,11.1
2024-07-27,36300.77,2606.73,6944.0,2950.0,0.0294,0.0857,0.0329,34.0,4.38,0.0518,60.0,18.8
2025-01-10,24371.09,4031.45,9317.0,3924.0,0.0139,0.0662,0.0371,57.0,3.99,0.0724,60.0,24.6
2025-04-08,34031.66,2857.21,7243.0,3178.0,0.0261,0.1191,0.0503,60.0,3.84,0.065,64.0,32.0
2025-04-15,21317.56,3699.06,7100.0,2776.0,0.017,0.0774,0.0439,56.0,4.13,0.0639,66.0,30.8
2024-01-06,28775.99,2580.6,6272.0,2639.0,0.0248,0.1122,0.0555,61.0,4.1,0.063,59.0,20.3
2024-03-16,39078.0,3656.02,8961.0,3648.0,0.0246,0.1485,0.0967,71.0,3.94,0.0661,59.0,28.1
2025-12-22,46916.25,3618.13,8421.0,3565.0,0.0294,0.0794,0.0638,61.0,3.73,0.064,62.0,20.5
2024-09-05,30819.96,3755.13,7126.0,3116.0,0.0244,0.0777,0.0402,49.0,4.38,0.0601,63.0,14.9
2024-02-17,33310.03,3386.36,7913.0,3318.0,0.0238,0.0942,0.0391,56.0,4.34,0.0598,60.0,30.6
2024-10-29,35097.29,3068.85,6624.0,2706.0,0.0304,0.0977,0.048,50.0,4.39,0.0579,64.0,17.4
2024-03-11,21608.04,2954.93,6143.0,2647.0,0.0189,0.1016,0.0479,49.0,4.35,0.063,62.0,32.3
2025-01-22,27113.75,3484.46,7483.0,3009.0,0.0193,0.0994,0.0654,64.0,4.09,0.0673,64.0,25.0
2025-07-01,39611.77,2871.83,7965.0,3212.0,0.0283,0.0426,0.0381,49.0,3.88,0.0599,65.0,22.2
2025-12-02,33210.38,3000.24,6157.0,2473.0,0.0297,0.0598,,54.0,4.16,0.0667,68.0,17.6
2024-08-13,49043.68,2903.44,7823.0,3362.0,0.0344,0.1141,0.0618,50.0,4.15,0.0742,65.0,16.2
2024-10-13,26629.57,2815.28,6609.0,2707.0,0.0217,0.142,0.0827,68.0,4.04,0.0584,64.0,13.9
2024-01-12,37100.08,3351.87,8484.0,3698.0,0.0238,0.1141,0.0727,50.0,4.26,0.0584,63.0,23.9
2025-07-04,31587.28,3340.14,8467.0,3404.0,0.0212,0.0717,0.0519,59.0,4.0,0.0687,65.0,19.0
2024-05-30,43653.62,3217.37,7472.0,3173.0,0.0317,0.0888,0.0602,62.0,3.66,0.0792,56.0,27.1
2025-04-30,29025.25,3487.44,6675.0,2587.0,0.0246,0.0787,0.0484,57.0,4.41,0.0479,68.0,27.1
2025-04-07,42173.47,3026.7,6743.0,2601.0,0.0329,0.0775,0.0318,37.0,4.19,0.0626,62.0,31.6
2025-06-20,27836.47,3106.97,6424.0,2734.0,0.0233,0.114,0.0426,41.0,3.92,0.0687,61.0,24.0
2024-04-25,33080.26,,7603.0,3042.0,0.0237,0.1409,0.0556,60.0,4.02,0.0544,58.0,30.1
2024-10-08,42240.1,2104.74,6442.0,2883.0,0.0352,0.1264,0.0607,47.0,4.28,0.0721,64.0,13.2
2024-09-10,42975.2,2381.47,6375.0,2664.0,0.0371,0.0919,0.0404,50.0,4.02,0.071,63.0,13.3
2025-08-13,39183.96,2543.02,5469.0,2389.0,0.0386,0.1011,0.0536,54.0,3.92,0.0656,64.0,17.6
2024-07-14,41426.05,2680.34,7830.0,3101.0,0.0287,0.0183,0.03,63.0,3.87,0.0631,64.0,19.5
2025-12-26,41029.16,3763.62,8183.0,3439.0,0.0281,0.0229,0.0199,30.0,4.39,0.0608,67.0,20.4
2025-09-09,23769.83,2960.16,6242.0,2628.0,0.0207,0.112,0.067,56.0,4.08,0.0681,65.0,14.5
2025-11-07,34508.0,3781.87,8512.0,3605.0,0.0222,0.1366,0.0651,64.0,3.79,0.0603,69.0,14.4
2024-03-06,23623.04,3663.39,7996.0,3488.0,0.0166,0.0699,0.0337,49.0,4.07,0.0628,61.0,29.1
2025-06-13,22215.22,3886.86,8111.0,3243.0,0.0148,0.0725,0.0444,58.0,4.26,0.0634,63.0,24.1
2024-10-28,34058.68,2226.12,5669.0,2288.0,0.0329,0.1834,0.0852,76.0,3.89,0.0736,59.0,17.3
2024-08-07,19612.47,2609.74,3279.0,1343.0,0.0298,0.1197,0.0808,69.0,4.08,0.0601,59.0,17.0
2025-03-30,40403.03,3605.49,7981.0,3495.0,0.0277,0.0877,0.0345,44.0,3.99,0.0654,64.0,31.1
2025-03-01,29943.4,3387.17,7685.0,3260.0,0.0214,0.0711,0.0316,40.0,4.03,0.0711,66.0,30.2
2025-05-02,28515.93,3691.82,6345.0,2556.0,0.0231,0.1071,0.0541,51.0,4.02,0.0612,65.0,29.8
2025-01-04,45572.68,3468.92,8738.0,3643.0,0.0293,0.1002,0.0376,43.0,4.08,0.0633,67.0,23.7
2025-12-06,32115.67,2770.52,6420.0,2846.0,0.0255,0.0737,0.0589,54.0,4.05,0.0606,62.0,16.9
2024-03-10,37765.85,3331.54,7528.0,3236.0,0.0269,0.1098,0.0585,52.0,4.29,0.0649,62.0,33.0
2024-04-03,26984.73,3409.13,5943.0,2452.0,0.025,0.1221,0.0716,52.0,4.08,0.0633,61.0,29.8
2025-04-27,28450.84,3587.14,7808.0,3132.0,0.0203,0.1122,0.0659,67.0,3.95,0.069,63.0,29.7
2024-03-09,41278.45,3695.76,8973.0,3513.0,0.0254,0.1159,0.0746,48.0,4.23,0.0661,63.0,30.3
2024-01-22,39552.46,2911.45,6501.0,2798.0,0.0328,0.1184,0.0568,57.0,4.21,0.0721,58.0,26.5
2024-03-18,29444.18,3474.23,6758.0,2636.0,0.0224,0.1221,0.0601,58.0,4.04,0.065,57.0,32.3
2024-06-08,31899.62,2806.99,5189.0,2088.0,0.0329,0.1141,0.0668,54.0,3.85,0.0568,61.0,25.9
2025-11-28,40502.88,2723.56,7139.0,2901.0,0.0313,0.0211,0.0281,47.0,3.96,0.0693,63.0,16.1
2024-05-05,34159.52,3509.6,7828.0,3093.0,0.0244,0.0672,0.0595,56.0,4.22,0.0551,58.0,28.0
2024-08-16,40183.67,2511.09,6018.0,2511.0,0.0354,0.0544,0.0277,51.0,3.92,0.0569,63.0,16.0
2024-02-12,29280.96,3048.38,7191.0,3179.0,0.0224,0.0321,0.017,45.0,4.14,0.0625,60.0,25.9
2025-05-31,32252.19,3648.82,7738.0,3023.0,0.0231,0.0602,0.0472,57.0,4.15,0.0586,65.0,26.0
2025-01-09,34561.31,3403.52,6748.0,2904.0,0.0285,0.0689,0.062,65.0,4.06,0.0649,63.0,23.6
2024-07-24,32216.65,2914.76,7218.0,2948.0,0.0242,0.0345,0.0367,60.0,3.99,0.0716,60.0,18.2
2024-09-05,30819.96,3755.13,7126.0,3116.0,0.0244,0.0777,0.0402,49.0,4.38,0.0601,63.0,14.9
2024-01-07,37222.85,3088.36,7681.0,3072.0,0.0264,0.0919,0.0493,61.0,4.13,0.0665,61.0,22.7
2025-05-08,29335.95,3680.05,8750.0,3597.0,0.0184,0.0867,0.0383,55.0,3.78,0.0667,63.0,28.6
2025-11-26,34299.21,2774.78,5765.0,2494.0,0.0315,0.1125,0.0598,55.0,4.26,0.0636,64.0,17.9
2025-11-16,23663.94,2824.23,5902.0,2395.0,0.0208,0.0701,0.0481,58.0,4.18,0.0604,65.0,17.5
2024-09-16,36659.59,2235.52,5138.0,1997.0,0.0389,0.0476,0.0306,63.0,3.96,0.0573,63.0,14.0
2024-10-09,,3041.24,6574.0,2822.0,0.0289,0.1123,0.065,47.0,4.27,0.0608,63.0,14.5
2025-10-15,38685.12,2486.13,5843.0,2478.0,0.0361,0.0792,0.0472,70.0,3.89,0.0655,66.0,13.2
2025-12-18,40100.32,3434.75,8896.0,3797.0,0.0237,0.0937,0.0759,83.0,3.73,0.0782,68.0,20.5
2025-03-31,26275.42,3637.92,6947.0,2552.0,0.021,0.1272,0.0572,61.0,3.71,0.0783,63.0,32.9
2024-11-16,28283.29,3120.96,6124.0,2669.0,0.0244,0.0453,0.0438,41.0,4.23,0.0552,64.0,16.0
2025-03-10,23863.5,3868.75,7676.0,3192.0,0.0171,0.1359,0.0693,60.0,3.98,0.0607,66.0,31.4
2024-10-26,40827.01,2871.0,7504.0,3160.0,0.0293,0.0986,0.0436,57.0,4.25,0.0678,64.0,15.1
2025-03-12,51018.8,3362.77,9519.0,3812.0,0.0298,0.0714,0.0638,73.0,3.98,0.0556,65.0,29.3
2025-08-22,38589.28,2310.2,6252.0,2495.0,0.0331,0.1513,0.0658,53.0,4.28,0.0715,69.0,17.2
2025-03-14,27294.12,3325.98,7157.0,2952.0,0.0215,0.0846,0.0554,59.0,4.16,0.0607,63.0,30.6
2024-11-21,37142.24,3130.42,8312.0,3637.0,0.0243,0.1104,0.0644,54.0,4.14,0.0578,62.0,12.7
2025-02-07,44262.56,3265.27,8483.0,3686.0,0.0282,0.081,0.0515,50.0,4.28,0.059,62.0,27.2
2024-09-22,35504.09,3065.17,7299.0,3077.0,0.0277,0.0915,0.0437,60.0,4.03,0.0647,59.0,11.8
2025-08-25,31987.41,,8260.0,3502.0,0.0212,0.1169,0.0438,56.0,,0.0596,67.0,13.7
2024-10-05,42155.91,3129.08,7737.0,3151.0,0.0294,0.0498,0.0312,42.0,4.11,0.045,65.0,12.3
2025-11-29,37487.67,2746.73,6968.0,3008.0,0.0289,0.1142,0.0685,56.0,4.0,0.0761,66.0,17.7
2025-07-10,32574.29,2902.94,5664.0,2376.0,0.0332,0.1003,0.0577,60.0,4.18,0.06,65.0,21.6
2025-10-20,40339.28,3308.35,7724.0,3270.0,0.0281,0.1118,0.0426,52.0,4.15,0.0572,66.0,12.9
2024-08-19,34413.78,2589.9,6267.0,2443.0,0.031,0.1492,0.0921,69.0,3.71,0.0757,60.0,15.7
2024-09-02,27573.6,2295.95,4799.0,2244.0,0.0312,0.0441,0.0393,59.0,3.8,0.0682,65.0,13.6
2024-06-16,31315.84,3307.76,6764.0,3032.0,0.0262,0.1064,0.0697,57.0,3.82,0.0738,63.0,22.5
2025-05-17,30738.15,3232.89,6372.0,2644.0,0.0254,0.1132,0.0533,51.0,4.18,0.0601,63.0,28.8
2024-11-28,31705.07,2671.65,5944.0,2529.0,0.0304,0.0875,0.0617,64.0,3.91,0.0619,62.0,18.4
2025-03-02,30766.08,3797.63,8337.0,3374.0,0.02,0.0086,0.0428,46.0,4.2,0.0601,63.0,30.9
2025-06-25,32649.83,2974.42,8013.0,3286.0,0.023,0.1288,0.0733,51.0,3.96,0.0716,59.0,23.7
2024-06-11,27781.63,3948.73,8281.0,3569.0,0.0184,0.0816,0.03,44.0,4.29,0.0587,63.0,26.0
2024-05-29,37170.08,3333.25,7477.0,3094.0,0.028,0.0983,0.0687,63.0,3.9,0.0663,61.0,29.7
2024-08-14,26246.52,3699.99,7773.0,3200.0,0.018,0.0607,0.0307,56.0,4.14,0.0609,61.0,16.8
2024-04-04,,2846.61,5134.0,1991.0,0.0314,0.198,0.0825,52.0,3.84,0.0631,58.0,33.0
2024-08-09,47964.45,2927.98,7132.0,2872.0,0.035,0.0641,0.0429,56.0,3.91,0.0641,62.0,16.2
2025-04-18,22454.09,3638.18,7967.0,3501.0,0.0159,0.1125,0.0417,44.0,4.24,0.0735,66.0,28.5
2025-12-21,29896.68,3182.48,6968.0,3181.0,0.0242,0.0456,0.0272,39.0,4.21,0.0725,68.0,17.6
2025-10-08,41121.35,3076.48,7483.0,3311.0,0.0295,0.0909,0.0506,48.0,4.11,0.054,66.0,8.8
2024-02-04,25573.13,3450.03,7983.0,3310.0,0.0191,0.0632,0.0405,39.0,4.02,0.069,60.0,27.5
2024-08-05,,3331.9,5153.0,2208.0,0.0233,0.1582,0.0787,57.0,3.87,0.063,61.0,15.3
2024-03-13,36580.9,3085.12,7329.0,3196.0,0.0277,0.1327,0.053,55.0,4.14,0.0596,58.0,28.7
2024-08-08,24646.31,2769.83,5107.0,1965.0,0.0267,0.1006,0.0626,62.0,3.9,0.0709,56.0,15.6
2024-08-01,36809.56,2716.11,7349.0,3141.0,0.028,0.1575,0.0722,55.0,4.35,0.069,62.0,19.7
2025-09-29,52885.06,2465.4,7001.0,2844.0,0.041,0.0762,0.0416,40.0,3.88,0.0713,65.0,13.8
2025-01-29,35127.49,3593.14,7820.0,3342.0,0.0239,0.0663,0.0408,53.0,4.05,0.073,65.0,26.2
2025-01-02,42934.24,2871.05,7064.0,3154.0,0.0326,0.1339,0.0545,61.0,3.87,0.0636,61.0,23.0
2024-01-13,31901.31,3109.9,6281.0,2637.0,0.0273,0.085,0.039,49.0,4.21,0.0629,60.0,25.0
2025-09-19,37198.17,3336.48,7100.0,2926.0,0.0278,0.0916,0.0563,62.0,4.0,0.0638,63.0,10.9
2024-12-09,30650.84,3132.67,5865.0,2414.0,0.0273,0.0758,0.043,45.0,4.09,0.0764,61.0,20.7
2024-07-17,38814.47,2972.84,6665.0,2890.0,0.0328,0.1303,0.0608,69.0,3.79,0.0788,60.0,18.6
2024-08-22,35649.24,2529.17,6024.0,2380.0,0.0331,0.0736,0.0402,51.0,4.1,0.0675,63.0,15.1
2025-02-24,23353.26,3523.7,7990.0,3443.0,0.0161,0.0923,0.0526,50.0,4.02,0.0616,61.0,30.9
2025-09-06,28733.04,2600.25,5355.0,2256.0,0.0286,0.0765,0.0511,57.0,4.03,0.0658,62.0,14.6
2025-08-02,37940.71,3154.73,6900.0,2934.0,0.0295,0.1317,0.057,50.0,4.09,0.0663,66.0,16.0
2024-10-24,41016.82,2619.7,6244.0,2895.0,0.0352,0.031,0.0389,52.0,3.77,0.0694,60.0,14.1
2024-03-04,19108.75,3583.87,8264.0,3448.0,0.0126,0.1028,0.0458,46.0,4.16,0.0546,63.0,30.1
2024-01-14,29883.53,3488.44,6291.0,2371.0,0.0255,0.111,0.0496,54.0,3.84,0.0699,60.0,20.9
2025-03-11,27584.14,3335.05,6814.0,2792.0,0.024,0.0993,0.0312,63.0,3.95,0.07,61.0,31.3
2024-01-18,41067.58,2786.51,6929.0,2735.0,0.0319,0.0615,0.0369,62.0,3.98,0.0671,60.0,23.1
2025-09-02,33032.72,2531.36,5418.0,2235.0,0.0316,0.1102,0.043,54.0,4.18,0.0612,66.0,15.4
2024-12-14,35401.4,2468.68,5474.0,2304.0,0.0358,0.0773,0.0503,60.0,4.26,0.0591,62.0,19.4
2024-07-26,35071.51,2493.36,5918.0,2486.0,0.0323,0.1004,0.0701,72.0,3.8,0.0674,60.0,18.7
2024-03-31,38712.09,3668.78,7719.0,3054.0,0.0263,0.0444,0.0385,54.0,4.14,0.0747,58.0,31.4
2024-11-03,21181.39,3240.79,6887.0,2994.0,0.0168,0.1344,0.052,63.0,3.87,0.0641,60.0,14.3
2024-12-07,31965.37,3080.86,6154.0,2638.0,0.0294,0.0638,0.0333,43.0,4.3,0.057,64.0,17.6
2025-01-15,53972.01,3290.17,8612.0,3547.0,0.0342,0.0571,0.0418,51.0,4.31,0.0706,62.0,25.4
2024-12-10,28023.14,3560.29,7178.0,3026.0,0.0217,0.1211,0.0648,54.0,4.21,0.0521,63.0,18.5
2025-04-16,26417.52,3433.65,7292.0,3014.0,0.0209,0.1256,0.062,63.0,4.15,0.0696,62.0,31.0
2025-08-16,33093.44,2378.84,4532.0,2246.0,0.0385,0.0737,0.0184,46.0,4.37,0.0615,63.0,16.9
2025-07-05,28588.15,3393.69,5872.0,2680.0,0.0267,0.0304,0.0215,48.0,3.91,0.0673,67.0,22.0
2024-02-02,37808.64,3042.75,7569.0,3104.0,0.0279,0.1048,0.0641,55.0,4.08,0.0677,60.0,28.6
2025-11-21,36427.89,3129.25,6959.0,2915.0,0.0279,0.0286,0.0252,44.0,4.12,0.0637,65.0,14.0
2024-06-21,33582.72,2982.26,6750.0,2853.0,0.0268,0.0978,0.0473,46.0,4.25,0.0565,60.0,24.4
2025-09-21,37825.23,2013.25,4921.0,2123.0,0.0412,0.0665,0.0463,63.0,4.19,0.0672,68.0,14.2
2025-09-22,23458.72,3420.81,7355.0,3113.0,0.0176,0.1493,0.0801,70.0,4.01,0.07,64.0,12.6
2025-02-12,26198.85,2733.98,6350.0,2623.0,0.023,0.1206,0.082,71.0,4.16,0.0744,62.0,29.5
2025-09-07,,2431.21,7724.0,3090.0,0.0341,0.0833,0.0599,60.0,3.9,0.0701,64.0,13.3
2025-10-30,36415.69,2732.38,6879.0,2940.0,0.0293,0.0668,0.0434,63.0,3.87,0.0779,63.0,15.9
2024-07-19,25107.26,3080.37,7049.0,3247.0,0.0194,0.1207,0.0587,50.0,4.42,0.0618,63.0,20.0
2024-10-19,37436.99,3250.98,7680.0,3147.0,0.0264,0.0707,0.0503,45.0,4.28,0.07,62.0,10.6
2025-08-06,36298.11,2630.7,6558.0,2663.0,0.031,0.1493,0.0674,72.0,3.91,0.0671,67.0,16.3
2025-12-14,37161.79,3162.36,8343.0,3358.0,0.0242,0.0791,0.0477,53.0,4.05,0.0645,63.0,17.4
2025-05-25,44381.27,2900.23,7742.0,3223.0,0.0324,0.0534,0.0443,74.0,3.92,0.0736,65.0,28.7
2025-11-06,33506.91,3065.81,7574.0,3139.0,0.0223,0.0845,0.0494,69.0,3.69,0.0724,65.0,13.9
2025-09-16,42899.42,3028.07,8481.0,3685.0,0.0277,0.1138,0.0622,56.0,4.05,0.06,64.0,11.5
2025-10-14,35775.32,3454.24,7464.0,3244.0,0.0258,0.0747,0.0587,53.0,3.91,0.0699,65.0,15.3
2025-12-19,28532.87,3079.02,6797.0,2927.0,0.0224,0.0952,0.0438,50.0,4.03,0.0609,69.0,20.0
2025-05-04,37800.53,3767.88,9342.0,4164.0,0.0221,0.1107,0.0597,55.0,4.09,0.0639,63.0,30.2
2025-10-11,43952.51,2728.62,7590.0,3213.0,0.031,0.0934,0.0338,23.0,4.25,0.0559,67.0,13.5
2025-10-07,38648.73,2810.3,6850.0,2816.0,0.0295,0.1158,0.0343,52.0,4.0,0.0562,62.0,12.7
2024-05-13,34066.67,3276.9,7466.0,3048.0,0.0253,0.1473,0.0641,66.0,3.93,0.0757,63.0,29.8
2024-03-01,27700.23,2778.36,5904.0,2328.0,0.0261,0.1165,0.0641,65.0,3.96,0.0677,59.0,31.5
2024-01-27,31400.73,3369.71,6829.0,2973.0,0.0243,0.0633,0.0368,54.0,4.02,0.0633,62.0,24.9
2024-04-10,36405.19,3303.18,7762.0,3213.0,0.0268,0.0901,0.0537,59.0,3.73,0.068,61.0,29.7
2025-06-15,42951.56,2997.5,6973.0,2994.0,0.0332,0.1028,0.061,43.0,4.49,0.0497,68.0,26.2
2025-08-11,31877.99,3062.92,5825.0,2459.0,0.0292,0.0972,0.0507,50.0,4.29,0.0615,62.0,16.4
2025-06-04,40566.67,3052.99,7769.0,3284.0,0.0273,0.1372,0.0472,38.0,4.38,0.053,64.0,26.5
2024-12-29,27887.4,2759.23,6611.0,2854.0,0.0221,0.1603,0.0753,60.0,,0.0666,61.0,19.9
2024-11-05,41574.88,3400.49,8163.0,3766.0,0.0289,0.071,0.0389,42.0,4.37,0.0601,62.0,16.8
2025-08-27,42559.82,2689.85,6671.0,2765.0,0.0355,0.0723,0.0309,37.0,4.23,0.0707,63.0,13.6
2024-09-09,29929.28,3333.99,7685.0,3305.0,0.0208,0.0467,0.0274,64.0,3.91,0.0804,62.0,13.1
2025-06-28,32801.08,3155.56,6681.0,2637.0,0.0263,0.1447,0.0565,53.0,4.15,0.0538,66.0,19.8
2025-04-26,36413.15,4059.2,8415.0,3546.0,0.0232,0.0732,0.0516,57.0,3.99,0.0757,63.0,29.7
2025-03-17,19026.84,3677.18,6592.0,2897.0,0.0173,0.1022,0.049,53.0,4.46,0.0545,64.0,29.9
2025-04-21,24326.52,3940.59,8023.0,3366.0,0.017,0.1354,0.0527,51.0,4.08,0.0672,69.0,30.1
2024-01-23,35163.7,3584.48,7140.0,3013.0,0.0273,0.1199,0.0551,57.0,3.87,0.0716,63.0,25.6
2024-03-03,38300.71,3431.98,8087.0,3368.0,0.0264,0.0949,0.0528,52.0,4.06,0.0614,60.0,30.9
2024-05-28,38959.51,3656.71,7999.0,3334.0,0.0256,0.1294,0.0582,46.0,4.17,0.051,63.0,26.8
2025-04-28,3253097.0,3755.81,7690.0,2968.0,0.0224,0.0975,0.0592,61.0,3.91,0.0781,63.0,29.2
2025-10-29,35414.34,3080.44,6899.0,2835.0,0.0277,0.081,0.0379,53.0,4.09,0.064,66.0,13.5
2024-09-14,35498.71,2588.0,6423.0,2634.0,0.0303,0.0633,0.0317,64.0,3.83,0.0522,65.0,14.5
2024-02-22,34964.86,2822.76,8019.0,3475.0,0.0242,0.0741,0.0512,68.0,4.22,0.0702,56.0,30.9
2024-08-30,33182.11,2140.46,5531.0,2340.0,0.0325,0.0181,0.027,56.0,4.09,0.0639,61.0,18.5
2024-06-22,44709.32,2706.17,7642.0,3207.0,0.0329,0.0926,0.056,64.0,3.97,0.0744,60.0,22.3
2024-02-05,26023.39,3635.69,6617.0,2647.0,0.0226,0.1094,0.0496,56.0,4.21,0.0538,63.0,26.1
2024-06-27,32374.45,3061.47,7067.0,2969.0,0.0239,0.1082,,67.0,4.09,0.0636,57.0,21.3
2024-04-30,38454.62,3042.05,6686.0,2951.0,0.0309,0.0846,0.0347,57.0,3.97,0.064,61.0,30.5
2024-10-02,34118.92,2845.11,6893.0,3005.0,0.0265,0.1311,0.065,69.0,4.13,0.0669,62.0,13.8
2024-02-14,28431.6,3333.11,7509.0,3128.0,0.021,0.1449,0.0607,63.0,4.09,0.0738,61.0,31.4
2024-10-27,43945.54,3364.11,8505.0,3431.0,0.0276,0.0746,0.0622,65.0,4.2,0.0614,63.0,12.1
2024-03-17,35361.48,3267.06,7275.0,3145.0,0.0278,0.108,0.0516,60.0,4.01,0.0602,58.0,31.8
2025-01-03,45863.55,3236.92,8105.0,3299.0,0.0314,0.0888,0.0406,59.0,4.16,0.0614,65.0,20.7
2024-07-31,38873.65,2901.89,7116.0,3005.0,0.0301,0.0586,0.0429,48.0,3.94,0.059,62.0,18.2
2024-09-24,32531.11,2832.76,6696.0,2749.0,0.0273,0.0772,0.0394,49.0,4.48,0.0547,63.0,12.7
2024-11-07,42012.42,2956.66,7601.0,3201.0,0.0294,0.1469,0.0743,53.0,3.95,0.0644,62.0,14.7
2025-03-20,39599.91,3448.32,7639.0,3283.0,0.0281,0.1193,0.0693,59.0,4.05,0.0651,58.0,31.1
2025-05-18,33211.28,2954.34,6887.0,2864.0,0.027,0.0706,0.0419,64.0,3.84,0.0677,61.0,28.6
2025-05-10,32721.01,3841.14,8833.0,3587.0,0.0202,0.0356,0.028,38.0,3.94,0.0685,61.0,28.6
2024-02-03,31173.69,2943.45,7308.0,2941.0,0.0254,0.0843,0.042,61.0,3.99,0.0664,64.0,27.7
2024-01-10,22553.44,2766.72,4682.0,1754.0,0.0271,0.1002,0.071,67.0,3.92,0.0691,60.0,25.9
2024-06-09,34232.52,2877.99,6014.0,2595.0,0.0318,0.1094,0.0689,68.0,3.95,0.0712,62.0,26.3
2024-10-12,31040.8,2556.19,5284.0,2126.0,0.0326,0.1073,0.0664,65.0,3.73,0.0691,61.0,13.8
2024-10-22,34006.01,2805.75,6259.0,2704.0,0.0295,0.0982,0.0676,70.0,3.9,0.0694,60.0,14.4
2025-09-08,46353.34,3127.64,7391.0,3100.0,0.0336,0.072,0.0418,39.0,4.23,0.0578,63.0,13.5
2025-09-17,,2675.15,6688.0,2902.0,0.0291,0.0865,0.0344,35.0,4.06,0.0716,61.0,13.5
2024-10-04,38962.32,2322.01,5380.0,2237.0,0.0401,0.0502,0.0383,49.0,3.94,0.0499,62.0,14.0
2025-10-31,25052.97,2021.4,4011.0,1813.0,0.0342,0.2058,0.1022,66.0,4.0,0.0633,68.0,12.1
2025-08-26,33585.05,2696.58,6570.0,2805.0,0.029,0.0357,0.0515,76.0,3.83,0.0647,63.0,16.3
2025-04-29,21675.43,3529.99,5733.0,2362.0,0.0217,0.0632,0.0334,54.0,4.1,0.0689,61.0,31.4
2025-05-11,29793.98,2868.83,7247.0,3153.0,0.0223,0.1033,0.0655,58.0,4.08,0.0695,63.0,28.9
2024-07-01,37612.0,2933.28,7224.0,2745.0,0.0282,0.0938,0.056,60.0,3.98,0.0605,62.0,23.0
2025-12-01,28322.01,3469.17,7528.0,3099.0,0.02,0.093,0.0427,68.0,3.69,0.0731,66.0,18.5
2024-02-06,35578.39,3206.7,7339.0,3121.0,0.0265,0.0576,0.0525,68.0,3.84,0.0665,64.0,27.9
2024-06-05,37187.5,3284.86,8409.0,3881.0,0.0244,0.0709,0.0357,39.0,4.24,0.068,64.0,28.6
2024-01-03,28810.67,3277.22,7838.0,3190.0,0.0212,0.1299,0.0702,61.0,3.99,0.0741,59.0,23.1
2025-05-23,40494.25,3260.71,7864.0,3251.0,0.027,0.1368,0.0662,60.0,4.1,0.0581,64.0,29.5
2025-05-12,31223.34,3388.4,7138.0,2854.0,0.0232,0.1698,0.0852,66.0,3.74,0.056,62.0,32.6
2024-11-04,36018.29,2993.86,7533.0,3054.0,0.0259,0.078,0.0453,52.0,3.77,0.0684,66.0,12.2
2024-10-16,36759.59,2692.73,6843.0,2981.0,0.03,0.1518,0.0653,69.0,3.88,0.0697,66.0,14.1
2025-07-14,37291.31,3116.43,7245.0,3045.0,0.0284,0.1012,0.0591,53.0,4.23,0.0616,62.0,19.0
2025-02-18,40172.77,3363.38,7566.0,3050.0,0.0291,0.1064,0.0686,59.0,4.04,0.0578,62.0,29.8
2025-02-25,43543.69,3202.77,8035.0,3545.0,0.0293,0.0945,0.0585,62.0,4.05,0.0662,63.0,28.6
2024-05-21,24360.75,2972.63,6044.0,2675.0,0.0221,0.1542,0.0772,75.0,4.07,0.0614,60.0,26.8
2024-08-11,25370.04,2453.65,4987.0,2242.0,0.0277,0.0576,0.0457,67.0,4.0,0.0606,63.0,18.2
2024-07-02,39929.7,3457.82,7226.0,3113.0,0.0298,0.0729,0.0432,72.0,3.97,0.069,55.0,20.4
2025-11-22,38542.13,2939.02,6623.0,2869.0,0.0322,0.1393,0.0683,49.0,4.06,0.0711,64.0,19.8
2025-11-03,33582.69,2680.99,6163.0,2543.0,0.0281,0.0477,0.0476,45.0,4.21,0.0643,65.0,14.4
2025-05-26,2625919.0,3337.4,6706.0,2780.0,0.0202,0.0535,0.0241,49.0,3.99,0.0714,62.0,26.0
2025-09-03,42224.6,2972.86,7193.0,2852.0,0.0322,0.1392,0.0681,67.0,3.98,0.0674,64.0,16.6
2024-04-27,35884.94,3416.03,8330.0,3622.0,0.0239,0.1156,0.0389,49.0,4.23,0.0551,59.0,29.8
2024-01-02,31799.62,2643.29,6305.0,2561.0,0.0278,0.109,0.0613,57.0,3.99,0.0727,59.0,22.6
2024-04-23,33034.94,2911.56,6666.0,2798.0,0.0271,0.1207,0.0525,59.0,4.07,0.0615,63.0,31.9
2025-12-04,27170.9,3079.02,5734.0,2484.0,0.0246,0.0487,0.0349,58.0,4.18,0.0651,64.0,17.7
2025-11-17,32362.59,3274.02,9177.0,3741.0,0.02,0.1053,0.0357,69.0,,0.0743,65.0,14.9
2024-06-14,28644.19,2869.4,7504.0,3288.0,0.0206,0.0744,0.0462,39.0,4.29,0.0647,62.0,23.7
2024-07-03,35690.85,3214.2,8075.0,3213.0,0.0244,0.1501,0.0775,64.0,3.76,0.0682,61.0,19.9
2025-11-08,45646.31,3099.55,7601.0,3294.0,0.0331,0.1165,0.0569,50.0,3.97,0.068,64.0,15.7
2025-01-07,42238.57,3495.02,8270.0,3339.0,0.0284,0.0525,0.0434,53.0,4.22,0.0583,65.0,22.5
2024-10-01,30204.79,3260.27,7371.0,3034.0,0.0226,0.1004,0.0566,69.0,3.98,0.0634,62.0,10.9
2024-01-01,39364.0,3106.65,7450.0,3245.0,0.0298,0.15,0.092,66.0,3.85,0.063,60.0,22.8
2025-07-20,32364.44,3047.82,5726.0,2473.0,0.0301,0.1423,0.0837,52.0,4.01,0.0602,64.0,19.3
2025-06-24,36827.7,2679.76,7553.0,3118.0,0.0265,0.1351,0.0639,62.0,3.92,0.0603,64.0,21.6
2025-05-15,20095.72,3970.78,8208.0,3467.0,0.0132,0.0861,0.0447,61.0,3.95,0.067,65.0,29.6
2025-01-18,36414.42,2835.37,6411.0,2513.0,0.0304,0.1208,0.0784,59.0,4.12,0.0674,59.0,23.3
2025-02-09,33683.19,3321.65,8510.0,3593.0,0.0215,0.1132,0.044,50.0,4.29,0.0495,62.0,29.0
2025-07-15,31633.37,3251.86,7002.0,2846.0,0.0239,0.1105,0.0535,59.0,3.87,0.0679,62.0,18.7
2024-01-21,40054.59,3078.22,7050.0,3015.0,0.0304,0.1171,0.0605,51.0,4.27,0.0633,N/A,25.6
2024-06-25,38198.85,3668.57,7923.0,3116.0,0.0258,0.1299,0.0691,53.0,4.22,0.0598,59.0,21.3
2024-12-01,39012.25,2509.32,5969.0,2468.0,0.0356,0.0782,0.0637,53.0,4.11,0.068,62.0,17.5
2025-01-14,40973.09,3085.14,7725.0,3137.0,0.029,0.1069,0.0519,50.0,4.0,0.0697,61.0,24.0
2025-06-29,34584.39,3182.06,7246.0,3178.0,0.0246,0.0705,0.0559,55.0,4.36,0.0589,66.0,23.1
2024-06-20,28032.34,3303.98,7529.0,3063.0,0.021,0.1431,0.0633,62.0,4.09,0.0726,62.0,21.2
2025-06-03,26160.53,3968.35,7396.0,3165.0,0.0179,0.1176,0.0567,72.0,3.75,0.0684,67.0,29.0
2025-05-22,35291.11,3613.66,8461.0,3543.0,0.0224,0.1468,0.0873,65.0,3.91,0.0643,65.0,30.9
2024-06-01,21268.57,2675.78,5428.0,2274.0,0.023,0.0923,0.0702,65.0,3.99,0.0617,63.0,27.2
2025-09-10,42640.46,2658.58,7018.0,2689.0,0.0325,0.1405,0.0697,70.0,3.84,0.0619,66.0,12.9
2025-02-17,30358.97,3720.35,7762.0,3117.0,0.0216,0.078,0.0463,61.0,3.9,0.0591,62.0,29.0
2025-09-01,31105.14,3084.64,6881.0,2867.0,0.0246,0.0871,0.0587,61.0,4.21,0.0623,59.0,13.1
2025-09-14,28505.46,2960.28,5795.0,2295.0,0.0267,0.1138,0.0529,67.0,3.89,0.0728,63.0,13.4
2025-08-04,44039.49,2611.88,6845.0,2954.0,0.0342,0.1247,0.0699,58.0,4.12,0.0669,66.0,16.4
2025-10-03,43997.98,3101.31,7746.0,3047.0,0.0309,0.0449,0.0467,57.0,3.93,0.0593,66.0,13.1
2024-11-12,41096.6,2849.91,6200.0,2442.0,0.0356,0.0652,0.05,50.0,3.85,0.0665,65.0,12.9
2024-09-15,38408.53,2671.3,6066.0,2621.0,0.0344,0.0636,0.0375,51.0,4.24,0.059,61.0,12.4
2025-10-24,39617.77,,5709.0,2301.0,0.0377,0.1015,0.0593,57.0,4.45,0.0515,69.0,13.4
2025-04-19,26982.87,3788.45,7799.0,3113.0,0.0184,0.1261,0.0618,54.0,4.32,0.0576,63.0,28.9
2024-12-03,36302.22,3057.18,7367.0,3076.0,0.0259,0.1154,0.0568,57.0,4.04,0.0647,64.0,17.0
2025-06-22,47757.46,2444.83,6421.0,2633.0,0.0409,0.0745,0.0489,42.0,4.23,0.0651,65.0,22.1
2025-05-19,46575.87,2438.06,6150.0,2495.0,0.0392,0.076,0.051,61.0,3.84,0.0745,61.0,28.3
2025-02-02,34346.16,3558.34,7710.0,3285.0,0.0237,0.0938,0.0521,57.0,3.87,0.0813,62.0,29.4
2025-02-27,31964.55,2986.18,6426.0,2711.0,0.0266,0.1496,0.0821,66.0,3.84,0.0676,59.0,30.3
2025-08-28,47981.86,3098.6,8565.0,3577.0,0.0297,0.1343,0.0712,59.0,4.27,0.0693,66.0,14.9
2025-10-22,32975.62,2297.18,5097.0,2208.0,0.0344,0.1114,0.0591,67.0,4.12,0.0612,61.0,12.1
2025-04-25,39398.51,3638.0,8758.0,3525.0,0.0244,0.1356,0.0515,56.0,3.83,0.0706,64.0,28.5
2025-02-26,33233.86,3292.12,7644.0,3156.0,0.0227,0.0944,0.0529,56.0,3.99,0.0635,64.0,27.9
2024-04-29,38474.86,3319.31,8250.0,3506.0,0.0259,0.1263,0.0592,55.0,4.24,0.0724,58.0,30.9
2025-10-12,36639.43,3513.64,8805.0,3745.0,0.0222,0.0845,0.0612,78.0,3.97,0.0693,62.0,13.4
2025-11-12,41025.25,3190.27,9026.0,3751.0,0.0234,0.0583,0.0484,55.0,4.16,0.0597,66.0,14.4
2025-12-15,32537.22,3099.84,6964.0,2965.0,0.0254,0.0235,0.0333,35.0,4.15,0.0534,64.0,18.3
2025-10-21,35043.95,2773.28,5759.0,2512.0,0.0342,0.0168,0.0146,46.0,4.47,0.0634,65.0,14.4
2024-09-13,28824.07,2873.46,5549.0,2260.0,0.0278,0.0442,0.004,37.0,4.38,0.0474,61.0,11.9
2025-10-05,25097.04,2918.25,5469.0,2389.0,0.0248,0.1448,0.0603,67.0,4.19,0.0597,65.0,14.7
2024-09-06,36458.18,2325.8,6041.0,2518.0,0.0342,0.1112,0.0486,54.0,3.96,0.0619,63.0,14.4
2025-10-26,25308.11,2872.93,5174.0,2170.0,0.026,0.099,0.0334,70.0,3.92,0.0684,68.0,15.0
